entreprise,zone,site,email,source_url
Depot,seed-lists,https://depot.dev?utm_source=github&utm_medium=sindresorhus,contact@depot.dev,
meilleurtaux.com,Paris (Paris-Centre),https://www.meilleurtaux.com/,xxxx@meilleurtaux.com,
Christophe Chosson,Paris (Paris-Centre),https://www.atelier126archi.fr/,contact@atelier126archi.fr,
Easter-eggs,Paris (Paris-Centre),https://www.easter-eggs.com/,info@easter-eggs.com,
Atelier Baste Batlle Architectes,Paris (Paris-Centre),https://www.abba.archi/,devel@tecob.com,
/ut7,Paris (Paris-Centre),http://ut7.fr,paris@ut7.fr,
L'Atelier Digital,Paris (Paris-Centre),https://latelierdigital.paris,contact@latelierdigital.paris,
Zenika,Paris (Paris-Centre),https://zenika.com/,place@zenika.com,
Valtech,Paris (Paris-Centre),https://www.valtech.fr/,sheree.atcheson@valtech.com,
Solerys,Paris (Paris-Centre),https://www.solerys.fr/,contact@solerys.fr,
Maison du Film,Paris (Paris-Centre),https://maisondufilm.com/,info@maisondufilm.com,
Openska,Paris (Paris-Centre),https://www.openska.com/,contact@deepskyblue-monkey-396544.hostingersite.com,
Cook'n With Class Paris,Paris (Paris-Centre),https://cooknwithclass.com/paris/,loveandparis@paris.explore,
Nouvelle énergie,Paris (Paris-Centre),https://www.unenouvelleenergie.fr,contact.bboyer@gmail.com,
G2R Formation,Paris (Paris-Centre),http://www.g2r-formation.fr/,hgabbay@g2r-formation.fr,
Média Transports / Métrobus,Paris (Paris-Centre),https://www.mediatransports.com/,info@mesiatransports.com,
Agence RVA,Paris (Paris-Centre),https://www.agencerva.com/,contact@agencerva.com,
Syma Mobile (SAV),Paris (Paris-Centre),https://www.symamobile.com/,hotline@symamobile.com,
Excelcio,Paris (Paris-Centre),https://excelcio.com/,contact@excelcio.com,
CCM Benchmark Group,Paris (Paris-Centre),https://www.ccmbenchmark.com/,formation@ccmbenchmark.com,
Neufville Gayet Architectes,Paris (Paris-Centre),https://www.neufville-gayet.com/,agence@neufville-gayet.com,
UFR Informatique (Université de Paris),Paris (Paris-Centre),https://www.informatique.univ-paris-diderot.fr,monguichet.etudiant@u-paris.fr,
École d'Assas,Paris (Paris-Centre),https://www.ecoledassas.com/,contact@ecoledassas.fr,
ISCG Paris,Paris (Paris-Centre),https://www.iscg.fr/,iscg@iscg.fr,
Œuvre de Secours aux Enfants,Paris (Paris-Centre),https://www.ose-france.org/,communication@ose-france.org,
Parti de Gauche,Paris (Paris-Centre),https://www.lepartidegauche.fr/,contact@lepartidegauche.fr,
Société d'Aménagement et de Développement des Villes et du Département du Val-de-Marne,Paris (Paris-Centre),https://sadev94.fr/sadev94/,sadev94@sadev94.fr,
Crémerie de Paris,Paris (Paris-Centre),http://cremeriedeparis.com/,b@vb.com,
Gercop,Paris (Paris-Centre),https://www.gercop.com/,sarahpopulus33@gmail.com,
Subskill,Paris (Paris-Centre),https://www.subskill.com,contact@subskill.com,
WebFabrick,Paris (Paris-Centre),https://www.webfabrick.com/,contact@webfabrick.com,
Inetum,Paris (Paris-Centre),https://gfi.world/fr-fr/,sdwan-cloudops@cisco.com,
Nuxly,Paris (Paris-Centre),https://www.nuxly.com,bonjour@nuxly.com,
Code Code Codec,Paris (Paris-Centre),https://codecodecodec.com/,presse@codecodecodec.com,
inFABric - architecture design urbanism,Paris (Paris-Centre),https://www.infabric.eu,contact@infabric.eu,
Probayes,Paris (Paris-Centre),https://www.probayes.com,0-email-jobs@probayes.com,
BDD Computing,Paris (Paris-Centre),https://bddcomputing.fr/,support@bddcomputing.fr,
École du Cerene,Paris (Paris-Centre),http://cerene-education.fr,info@cerene-education.fr,
Allen & Overy LLP,Paris (Paris-Centre),https://www.allenovery.com,romy.richter@aoshearman.com,
Neocles Corporate - Activité virtualisation d'Orange Business Services,Paris (Paris-Centre),https://www.orange-business.com/fr,nicolas.griffet@orange.com,
Atelier Ar-Chè,Paris (Paris-Centre),https://www.ar-che.com/,contact@ar-che.com,
Scality,Paris (Paris-Centre),https://www.scality.com/,sales.us@scality.com,
ATDL Architectes,Paris (Paris-Centre),https://www.atdl.archi,contact@atdl.archi,
Contrôle-C,Paris (Paris-Centre),https://ctrlc.fr/,seo@ctrlc.fr,
The Good Start,Paris (Paris-Centre),https://thegoodstart.fr/,hello@thegoodstart.fr,
La Chose,Paris (Paris-Centre),https://lachose.fr/,contact@lachose.fr,
Reciproque,Paris (Paris-Centre),http://www.reciproque.com,contact@reciproque.com,
CAD,Paris (Paris-Centre),https://cad66.fr,cad66@cad66.fr,
Hérault Arnod Architectures,Paris (Paris-Centre),https://www.herault-arnod.fr/,ha-communication@herault-arnod.fr,
24ème,Paris (Paris-Centre),https://www.24eme.fr,contact@24eme.fr,
Threekit,Paris (Paris-Centre),https://www.threekit.com/fr/,contact@threekit.com,
Association nationale pour la formation permanente du personnel hospitalier,Paris (Paris-Centre),https://www.anfh.fr/,webmaster@anfh.fr,
Mandarine L'Atelier,Paris (Paris-Centre),https://mandarine-latelier.com/,ochirinian@ateliermandarine.fr,
Repsco Promotion / Ilane,Paris (Paris-LaDefense),https://repsco.fr/,contact@repsco.net,
Rassemblement national,Paris (Paris-Centre),https://rassemblementnational.fr/,contact@rassemblementnational.fr,
Rueil informatique,Paris (Paris-LaDefense),https://www.rueil-informatique.fr/,contact@rueil-informatique.fr,
Christophe Tessier,Paris (Paris-LaDefense),http://christopheteissier.com,c.teissier@orange.fr,
NBS System,Paris (Paris-LaDefense),https://www.nbs-system.com/,contact@nbs-system.com,
Maestria,Paris (Paris-LaDefense),http://www.maestria-concept.com,carole.r@maestria-concept.com,
Worteks,Paris (Paris-LaDefense),https://www.worteks.com,info@worteks.com,
Sofy France - Agence Et Solutions Digitale,Paris (Paris-LaDefense),https://sofy.fr/,support@sofy.fr,
Groupe 5eme Avenue,Paris (Paris-LaDefense),https://www.groupe5emeavenue.fr/,contact@groupe5emeavenue.fr,
Street Dispatch,Paris (Paris-Centre),https://streetdispatch.com/,redaction-jephikto@streetdispatch.com,
SensioLabs,Paris (Paris-LaDefense),https://sensiolabs.com/,info@sensiolabs.com,
Salesforce,Paris (Paris-LaDefense),https://www.salesforce.com/fr/company/locations/,info@jp.salesforce.com,
Chronomicro,Paris (Paris-LaDefense),http://www.chronomicro-rueil.com,rueil@chronomicro.com,
ILLUIN Technology,Paris (Paris-LaDefense),https://illuin.tech,contact@illuin.tech,
"Le Berre Vevaud, architecte d'intérieur",Paris (Paris-LaDefense),https://leberrevevaud.com,info@alexandrapr.com,
Crédit Expert,Paris (Paris-LaDefense),https://www.creditexpert.fr/rachat-de-credit/rachat-de-credit-immobilier/levallois-perret/,jacques.martin@gmail.com,
Local & Digital,Paris (Paris-LaDefense),https://local-digital.fr/,contact@local-digital.fr,
Jcours,Paris (Paris-LaDefense),https://lyceejcours.fr/,jcourscontact@gmail.com,
CIS,Paris (Paris-LaDefense),https://www.cis-consulting.com,commercial@cis-consulting.com,
Nomios,Paris (Paris-LaDefense),https://www.nomios.fr/,info@nomios.fr,
fastmag,Paris (Paris-Centre),https://www.fastmag.fr,oc-marketing@orisha.com,
Lagardère Entertainment,Paris (Paris-LaDefense),https://www.lagardere.com/,dircom@lagardere.fr,
M2M Made To Measure,Paris (Paris-LaDefense),https://www.made-to-measure.fr/contact.html,contact@made-to-measure.fr,
Proxiad,Paris (Paris-LaDefense),https://www.proxiad.com/,contact@proxiad.com,
Agence Architecture Nicolas Rossignol,Paris (Paris-LaDefense),http://www.agence-aanr.com/,nrossignol@agence-aanr.com,
Venise Group,Paris (Paris-LaDefense),https://venisegroup.com/,info@venise.com,
Bizznet,Paris (Paris-LaDefense),https://www.bizznet.fr/,contact@bizznet.fr,
Aleph Écriture,Paris (Paris-LaDefense),https://www.aleph-ecriture.fr/,info@aleph-ecriture.fr,
Hopening,Paris (Paris-LaDefense),https://hopening.fr/,hellohopening@hopening.fr,
Moji,Paris (Paris-LaDefense),http://moji.fr,contact@moji.fr,
DigiDux,Paris (Paris-LaDefense),https://digidux.com/,support@digidux.com,
AMB Formations,Paris (Paris-Montparnasse),https://amb-formations.fr/,contact@amb-formations.fr,
PCF,Paris (Paris-Montparnasse),https://www.pcf-issy.org/,pcfissy92@gmail.com,
