key,company,to,subject,status,draft_id,error
contact@openska.com|Candidature spontanée – Alternance développement / systèmes – Septembre 2026 – Openska,Openska,contact@openska.com,Candidature spontanée – Alternance développement / systèmes – Septembre 2026 – Openska,OK,r-487774124753928063,
contact@infabric.eu|Candidature spontanée – Alternance développement / systèmes – Septembre 2026 – inFABric - architecture design urbanism,inFABric - architecture design urbanism,contact@infabric.eu,Candidature spontanée – Alternance développement / systèmes – Septembre 2026 – inFABric - architecture design urbanism,OK,r-7800439446239351062,
contact@subskill.com|Candidature spontanée – Alternance développement / systèmes – Septembre 2026 – Subskill,Subskill,contact@subskill.com,Candidature spontanée – Alternance développement / systèmes – Septembre 2026 – Subskill,OK,r2998981371398766179,
contact@webfabrick.com|Candidature spontanée – Alternance développement / systèmes – Septembre 2026 – WebFabrick,WebFabrick,contact@webfabrick.com,Candidature spontanée – Alternance développement / systèmes – Septembre 2026 – WebFabrick,OK,r-8220441418270412001,
rh@ar-che.com|Candidature spontanée – Alternance développement / systèmes – Septembre 2026 – Atelier Ar-Chè,Atelier Ar-Chè,rh@ar-che.com,Candidature spontanée – Alternance développement / systèmes – Septembre 2026 – Atelier Ar-Chè,OK,r1031692427466247084,
contact@atdl.archi|Candidature spontanée – Alternance développement / systèmes – Septembre 2026 – ATDL Architectes,ATDL Architectes,contact@atdl.archi,Candidature spontanée – Alternance développement / systèmes – Septembre 2026 – ATDL Architectes,OK,r2122529123599265841,
hello@capitainesite.com|Candidature spontanée – Alternance développement / systèmes – Septembre 2026 – Hérault Arnod Architectures,Hérault Arnod Architectures,hello@capitainesite.com,Candidature spontanée – Alternance développement / systèmes – Septembre 2026 – Hérault Arnod Architectures,OK,r8348053230409528028,
contact@reciproque.com|Candidature spontanée – Alternance développement / systèmes – Septembre 2026 – Reciproque,Reciproque,contact@reciproque.com,Candidature spontanée – Alternance développement / systèmes – Septembre 2026 – Reciproque,OK,r8125369091603166365,
contact@threekit.com|Candidature spontanée – Alternance développement / systèmes – Septembre 2026 – Threekit,Threekit,contact@threekit.com,Candidature spontanée – Alternance développement / systèmes – Septembre 2026 – Threekit,OK,r3449340172557351025,
contact@innovela.com|Candidature spontanée – Alternance développement / systèmes – Septembre 2026 – Innovela,Innovela,contact@innovela.com,Candidature spontanée – Alternance développement / systèmes – Septembre 2026 – Innovela,OK,r3803435080690544751,
contact@caccavelli-security.fr|Candidature spontanée – Alternance informatique – Septembre 2026 – Caccavelli Security Development,Caccavelli Security Development,contact@caccavelli-security.fr,Candidature spontanée – Alternance informatique – Septembre 2026 – Caccavelli Security Development,OK,r-6398356754039377209,
contact@unenouvelleenergie.fr|Candidature spontanée – Alternance informatique – Septembre 2026 – Nouvelle énergie,Nouvelle énergie,contact@unenouvelleenergie.fr,Candidature spontanée – Alternance informatique – Septembre 2026 – Nouvelle énergie,OK,r-7956979119657402272,
contact@latelierdigital.paris|Candidature spontanée – Alternance informatique – Septembre 2026 – L'Atelier Digital,L'Atelier Digital,contact@latelierdigital.paris,Candidature spontanée – Alternance informatique – Septembre 2026 – L'Atelier Digital,OK,r8341472937354218688,
contact@atelier126archi.fr|Candidature spontanée – Alternance informatique – Septembre 2026 – Christophe Chosson,Christophe Chosson,contact@atelier126archi.fr,Candidature spontanée – Alternance informatique – Septembre 2026 – Christophe Chosson,OK,r1209089826550159185,
contact@intrapole.fr|Candidature spontanée – Alternance informatique – Septembre 2026 – École d'Assas,École d'Assas,contact@intrapole.fr,Candidature spontanée – Alternance informatique – Septembre 2026 – École d'Assas,OK,r3632143008440701761,
contact@yaelbraunpivet.fr|Candidature spontanée – Alternance informatique – Septembre 2026 – Permanance de Yaël Braun-Pivet,Permanance de Yaël Braun-Pivet,contact@yaelbraunpivet.fr,Candidature spontanée – Alternance informatique – Septembre 2026 – Permanance de Yaël Braun-Pivet,OK,r4965166918917108928,
contact@aerow.fr|Candidature spontanée – Alternance informatique – Septembre 2026 – Aerow SAS,Aerow SAS,contact@aerow.fr,Candidature spontanée – Alternance informatique – Septembre 2026 – Aerow SAS,OK,r-1502959455856301018,
contact@openska.com|Candidature spontanée – Alternance informatique – Septembre 2026 – Openska,Openska,contact@openska.com,Candidature spontanée – Alternance informatique – Septembre 2026 – Openska,OK,r-6937325220861182780,
contact@lamaisondestravaux.com|Candidature spontanée – Alternance informatique – Septembre 2026 – La maison des travaux,La maison des travaux,contact@lamaisondestravaux.com,Candidature spontanée – Alternance informatique – Septembre 2026 – La maison des travaux,OK,r-1194212354049123253,
contact@agencerva.com|Candidature spontanée – Alternance informatique – Septembre 2026 – Agence RVA,Agence RVA,contact@agencerva.com,Candidature spontanée – Alternance informatique – Septembre 2026 – Agence RVA,OK,r211943096778243977,
contact@gera-architectes.com|Candidature spontanée – Alternance informatique – Septembre 2026 – GERA,GERA,contact@gera-architectes.com,Candidature spontanée – Alternance informatique – Septembre 2026 – GERA,OK,r-1287209790770994999,
rh@excelcio.com|Candidature spontanée – Alternance informatique – Septembre 2026 – Excelcio,Excelcio,rh@excelcio.com,Candidature spontanée – Alternance informatique – Septembre 2026 – Excelcio,OK,r4841559372901223794,
contact@lepartidegauche.fr|Candidature spontanée – Alternance informatique – Septembre 2026 – Parti de Gauche,Parti de Gauche,contact@lepartidegauche.fr,Candidature spontanée – Alternance informatique – Septembre 2026 – Parti de Gauche,OK,r-1032787311249721515,
contact@infabric.eu|Candidature spontanée – Alternance informatique – Septembre 2026 – inFABric - architecture design urbanism,inFABric - architecture design urbanism,contact@infabric.eu,Candidature spontanée – Alternance informatique – Septembre 2026 – inFABric - architecture design urbanism,OK,r-8029665989542316640,
contact@codecodecodec.com|Candidature spontanée – Alternance informatique – Septembre 2026 – Code Code Codec,Code Code Codec,contact@codecodecodec.com,Candidature spontanée – Alternance informatique – Septembre 2026 – Code Code Codec,OK,r-5020913383797881437,
contact@reseau-canope.fr|Candidature spontanée – Alternance informatique – Septembre 2026 – Atelier Canopé 94,Atelier Canopé 94,contact@reseau-canope.fr,Candidature spontanée – Alternance informatique – Septembre 2026 – Atelier Canopé 94,OK,r-8632937642319705877,
contact@subskill.com|Candidature spontanée – Alternance informatique – Septembre 2026 – Subskill,Subskill,contact@subskill.com,Candidature spontanée – Alternance informatique – Septembre 2026 – Subskill,OK,r-5790529956041153928,
contact@webfabrick.com|Candidature spontanée – Alternance informatique – Septembre 2026 – WebFabrick,WebFabrick,contact@webfabrick.com,Candidature spontanée – Alternance informatique – Septembre 2026 – WebFabrick,OK,r-1742414441090961130,
contact@tech-advantage.com|Candidature spontanée – Alternance informatique – Septembre 2026 – Tech'advantage,Tech'advantage,contact@tech-advantage.com,Candidature spontanée – Alternance informatique – Septembre 2026 – Tech'advantage,OK,r96741098705780530,
rh@ar-che.com|Candidature spontanée – Alternance informatique – Septembre 2026 – Atelier Ar-Chè,Atelier Ar-Chè,rh@ar-che.com,Candidature spontanée – Alternance informatique – Septembre 2026 – Atelier Ar-Chè,OK,r5738317337099937109,
contact@rueil-informatique.fr|Candidature spontanée – Alternance informatique – Septembre 2026 – Rueil informatique,Rueil informatique,contact@rueil-informatique.fr,Candidature spontanée – Alternance informatique – Septembre 2026 – Rueil informatique,OK,r252575671150437788,
contact@gocadservices.fr|Candidature spontanée – Alternance informatique – Septembre 2026 – Gocad Services,Gocad Services,contact@gocadservices.fr,Candidature spontanée – Alternance informatique – Septembre 2026 – Gocad Services,OK,r8404393627974454265,
contact@atdl.archi|Candidature spontanée – Alternance informatique – Septembre 2026 – ATDL Architectes,ATDL Architectes,contact@atdl.archi,Candidature spontanée – Alternance informatique – Septembre 2026 – ATDL Architectes,OK,r6852153984066744609,
contact@docndoc.fr|Candidature spontanée – Alternance informatique – Septembre 2026 – Docndoc,Docndoc,contact@docndoc.fr,Candidature spontanée – Alternance informatique – Septembre 2026 – Docndoc,OK,r848020654140986055,
hello@capitainesite.com|Candidature spontanée – Alternance informatique – Septembre 2026 – Hérault Arnod Architectures,Hérault Arnod Architectures,hello@capitainesite.com,Candidature spontanée – Alternance informatique – Septembre 2026 – Hérault Arnod Architectures,OK,r-750898774202998360,
contact@reciproque.com|Candidature spontanée – Alternance informatique – Septembre 2026 – Reciproque,Reciproque,contact@reciproque.com,Candidature spontanée – Alternance informatique – Septembre 2026 – Reciproque,OK,r3069005370349076293,
contact@threekit.com|Candidature spontanée – Alternance informatique – Septembre 2026 – Threekit,Threekit,contact@threekit.com,Candidature spontanée – Alternance informatique – Septembre 2026 – Threekit,OK,r-73762532050088783,
contact@amb-formations.fr|Candidature spontanée – Alternance informatique – Septembre 2026 – AMB Formations,AMB Formations,contact@amb-formations.fr,Candidature spontanée – Alternance informatique – Septembre 2026 – AMB Formations,OK,r6404609280807022660,
contact@allvirtual.fr|Candidature spontanée – Alternance informatique – Septembre 2026 – All Virtual,All Virtual,contact@allvirtual.fr,Candidature spontanée – Alternance informatique – Septembre 2026 – All Virtual,OK,r6044572962417942539,
contact@innovela.com|Candidature spontanée – Alternance informatique – Septembre 2026 – Innovela,Innovela,contact@innovela.com,Candidature spontanée – Alternance informatique – Septembre 2026 – Innovela,OK,r-864253167336418060,
contact@nbs-system.com|Candidature spontanée – Alternance informatique – Septembre 2026 – NBS System,NBS System,contact@nbs-system.com,Candidature spontanée – Alternance informatique – Septembre 2026 – NBS System,OK,r-7479851884907000119,
contact@ipponsecurite.com|Candidature spontanée – Alternance informatique – Septembre 2026 – Ippon Sécurité - Gardiennage & Surveillance,Ippon Sécurité - Gardiennage & Surveillance,contact@ipponsecurite.com,Candidature spontanée – Alternance informatique – Septembre 2026 – Ippon Sécurité - Gardiennage & Surveillance,OK,r-3349011126310221158,
contact@ipponsecurite.com|Candidature spontanée – Alternance informatique – Septembre 2026 – Ippon Sécurité - Électronique,Ippon Sécurité - Électronique,contact@ipponsecurite.com,Candidature spontanée – Alternance informatique – Septembre 2026 – Ippon Sécurité - Électronique,OK,r-2198111926909262210,
contact@em-fontainebleau.fr|Candidature spontanée – Alternance informatique – Septembre 2026 – Espace Multimedia Fontainebleau,Espace Multimedia Fontainebleau,contact@em-fontainebleau.fr,Candidature spontanée – Alternance informatique – Septembre 2026 – Espace Multimedia Fontainebleau,OK,r2431462065845444938,
job@combas.archi|Candidature spontanée – Alternance informatique – Septembre 2026 – Combas Architectes,Combas Architectes,job@combas.archi,Candidature spontanée – Alternance informatique – Septembre 2026 – Combas Architectes,OK,r3971776690448542313,
contact@actif-azur.com|Candidature spontanée – Alternance informatique – Septembre 2026 – Actif Azur,Actif Azur,contact@actif-azur.com,Candidature spontanée – Alternance informatique – Septembre 2026 – Actif Azur,OK,r7504314585149536470,
contact@infotel.com|Candidature spontanée – Alternance informatique – Septembre 2026 – Infotel Conseil,Infotel Conseil,contact@infotel.com,Candidature spontanée – Alternance informatique – Septembre 2026 – Infotel Conseil,OK,r-2810468400488027974,
contact@aliant.fr|Candidature spontanée – Alternance informatique – Septembre 2026 – Aliant,Aliant,contact@aliant.fr,Candidature spontanée – Alternance informatique – Septembre 2026 – Aliant,OK,r-5773320065058008409,
contact@reseau-canope.fr|Candidature spontanée – Alternance informatique – Septembre 2026 – Atelier Canopé 06,Atelier Canopé 06,contact@reseau-canope.fr,Candidature spontanée – Alternance informatique – Septembre 2026 – Atelier Canopé 06,OK,r-510240013876918885,
contact@greenerwave.com|Candidature spontanée – Alternance informatique – Septembre 2026 – Greenerwave,Greenerwave,contact@greenerwave.com,Candidature spontanée – Alternance informatique – Septembre 2026 – Greenerwave,OK,r-7096855095643865033,
contact@smob.fr|Candidature spontanée – Alternance informatique – Septembre 2026 – SMOB,SMOB,contact@smob.fr,Candidature spontanée – Alternance informatique – Septembre 2026 – SMOB,OK,r-3527801247964159168,
contact@depot.dev|Candidature spontanée – Alternance Développeur Web – Septembre 2026 – Depot,Depot,contact@depot.dev,Candidature spontanée – Alternance Développeur Web – Septembre 2026 – Depot,OK,r-571878078654497958,,AUTO
xxxx@meilleurtaux.com|Candidature spontanée – Alternance Développeur Web – Septembre 2026 – meilleurtaux.com,meilleurtaux.com,xxxx@meilleurtaux.com,Candidature spontanée – Alternance Développeur Web – Septembre 2026 – meilleurtaux.com,OK,r-8782978557005706509,,AUTO
contact@atelier126archi.fr|Candidature spontanée – Alternance Développeur Web – Septembre 2026 – Christophe Chosson,Christophe Chosson,contact@atelier126archi.fr,Candidature spontanée – Alternance Développeur Web – Septembre 2026 – Christophe Chosson,OK,r-2470647039026413241,,AUTO
info@easter-eggs.com|Candidature spontanée – Alternance Développeur Web – Septembre 2026 – Easter-eggs,Easter-eggs,info@easter-eggs.com,Candidature spontanée – Alternance Développeur Web – Septembre 2026 – Easter-eggs,OK,r-7933401075202402902,,AUTO
devel@tecob.com|Candidature spontanée – Alternance Développeur Web – Septembre 2026 – Atelier Baste Batlle Architectes,Atelier Baste Batlle Architectes,devel@tecob.com,Candidature spontanée – Alternance Développeur Web – Septembre 2026 – Atelier Baste Batlle Architectes,OK,r2565184199683826537,,AUTO
paris@ut7.fr|Candidature spontanée – Alternance Développeur Web – Septembre 2026 – /ut7,/ut7,paris@ut7.fr,Candidature spontanée – Alternance Développeur Web – Septembre 2026 – /ut7,OK,r8772877419551079457,,AUTO
contact@latelierdigital.paris|Candidature spontanée – Alternance Développeur Web – Septembre 2026 – L'Atelier Digital,L'Atelier Digital,contact@latelierdigital.paris,Candidature spontanée – Alternance Développeur Web – Septembre 2026 – L'Atelier Digital,OK,r-8468623363103792387,,AUTO
place@zenika.com|Candidature spontanée – Alternance Développeur Web – Septembre 2026 – Zenika,Zenika,place@zenika.com,Candidature spontanée – Alternance Développeur Web – Septembre 2026 – Zenika,OK,r-5251755062517904551,,AUTO
sheree.atcheson@valtech.com|Candidature spontanée – Alternance Développeur Web – Septembre 2026 – Valtech,Valtech,sheree.atcheson@valtech.com,Candidature spontanée – Alternance Développeur Web – Septembre 2026 – Valtech,OK,r4428889607689337913,,AUTO
contact@solerys.fr|Candidature spontanée – Alternance Développeur Web – Septembre 2026 – Solerys,Solerys,contact@solerys.fr,Candidature spontanée – Alternance Développeur Web – Septembre 2026 – Solerys,OK,r8496277636478397283,,AUTO
info@maisondufilm.com|Candidature spontanée – Alternance Développeur Web – Septembre 2026 – Maison du Film,Maison du Film,info@maisondufilm.com,Candidature spontanée – Alternance Développeur Web – Septembre 2026 – Maison du Film,OK,r7640642992045502753,,AUTO
contact@deepskyblue-monkey-396544.hostingersite.com|Candidature spontanée – Alternance Développeur Web – Septembre 2026 – Openska,Openska,contact@deepskyblue-monkey-396544.hostingersite.com,Candidature spontanée – Alternance Développeur Web – Septembre 2026 – Openska,OK,r4133914242363785664,,AUTO
loveandparis@paris.explore|Candidature spontanée – Alternance Développeur Web – Septembre 2026 – Cook'n With Class Paris,Cook'n With Class Paris,loveandparis@paris.explore,Candidature spontanée – Alternance Développeur Web – Septembre 2026 – Cook'n With Class Paris,OK,r7794646072668488771,,AUTO
contact.bboyer@gmail.com|Candidature spontanée – Alternance Développeur Web – Septembre 2026 – Nouvelle énergie,Nouvelle énergie,contact.bboyer@gmail.com,Candidature spontanée – Alternance Développeur Web – Septembre 2026 – Nouvelle énergie,OK,r-6272559531992652635,,AUTO
hgabbay@g2r-formation.fr|Candidature spontanée – Alternance Développeur Web – Septembre 2026 – G2R Formation,G2R Formation,hgabbay@g2r-formation.fr,Candidature spontanée – Alternance Développeur Web – Septembre 2026 – G2R Formation,OK,r3718986625619927531,,AUTO
info@mesiatransports.com|Candidature spontanée – Alternance Développeur Web – Septembre 2026 – Média Transports / Métrobus,Média Transports / Métrobus,info@mesiatransports.com,Candidature spontanée – Alternance Développeur Web – Septembre 2026 – Média Transports / Métrobus,OK,r-7073872229565467988,,AUTO
contact@agencerva.com|Candidature spontanée – Alternance Développeur Web – Septembre 2026 – Agence RVA,Agence RVA,contact@agencerva.com,Candidature spontanée – Alternance Développeur Web – Septembre 2026 – Agence RVA,OK,r-5088150615042515542,,AUTO
hotline@symamobile.com|Candidature spontanée – Alternance Développeur Web – Septembre 2026 – Syma Mobile (SAV),Syma Mobile (SAV),hotline@symamobile.com,Candidature spontanée – Alternance Développeur Web – Septembre 2026 – Syma Mobile (SAV),OK,r1771795549191271044,,AUTO
contact@excelcio.com|Candidature spontanée – Alternance Développeur Web – Septembre 2026 – Excelcio,Excelcio,contact@excelcio.com,Candidature spontanée – Alternance Développeur Web – Septembre 2026 – Excelcio,OK,r8321341228199479110,,AUTO
formation@ccmbenchmark.com|Candidature spontanée – Alternance Développeur Web – Septembre 2026 – CCM Benchmark Group,CCM Benchmark Group,formation@ccmbenchmark.com,Candidature spontanée – Alternance Développeur Web – Septembre 2026 – CCM Benchmark Group,OK,r-3525718382593636679,,AUTO
agence@neufville-gayet.com|Candidature spontanée – Alternance Développeur Web – Septembre 2026 – Neufville Gayet Architectes,Neufville Gayet Architectes,agence@neufville-gayet.com,Candidature spontanée – Alternance Développeur Web – Septembre 2026 – Neufville Gayet Architectes,OK,r7064567802159691414,,AUTO
monguichet.etudiant@u-paris.fr|Candidature spontanée – Alternance Développeur Web – Septembre 2026 – UFR Informatique (Université de Paris),UFR Informatique (Université de Paris),monguichet.etudiant@u-paris.fr,Candidature spontanée – Alternance Développeur Web – Septembre 2026 – UFR Informatique (Université de Paris),OK,r4582655172572932137,,AUTO
contact@ecoledassas.fr|Candidature spontanée – Alternance Développeur Web – Septembre 2026 – École d'Assas,École d'Assas,contact@ecoledassas.fr,Candidature spontanée – Alternance Développeur Web – Septembre 2026 – École d'Assas,OK,r-1378252928588163799,,AUTO
iscg@iscg.fr|Candidature spontanée – Alternance Développeur Web – Septembre 2026 – ISCG Paris,ISCG Paris,iscg@iscg.fr,Candidature spontanée – Alternance Développeur Web – Septembre 2026 – ISCG Paris,OK,r-4136264563730809684,,AUTO
communication@ose-france.org|Candidature spontanée – Alternance Développeur Web – Septembre 2026 – Œuvre de Secours aux Enfants,Œuvre de Secours aux Enfants,communication@ose-france.org,Candidature spontanée – Alternance Développeur Web – Septembre 2026 – Œuvre de Secours aux Enfants,OK,r6517855955961830972,,AUTO
contact@lepartidegauche.fr|Candidature spontanée – Alternance Développeur Web – Septembre 2026 – Parti de Gauche,Parti de Gauche,contact@lepartidegauche.fr,Candidature spontanée – Alternance Développeur Web – Septembre 2026 – Parti de Gauche,OK,r6169946275514580318,,AUTO
sadev94@sadev94.fr|Candidature spontanée – Alternance Développeur Web – Septembre 2026 – Société d'Aménagement et de Développement des Villes et du Département du Val-de-Marne,Société d'Aménagement et de Développement des Villes et du Département du Val-de-Marne,sadev94@sadev94.fr,Candidature spontanée – Alternance Développeur Web – Septembre 2026 – Société d'Aménagement et de Développement des Villes et du Département du Val-de-Marne,OK,r4659765403496424940,,AUTO
b@vb.com|Candidature spontanée – Alternance Développeur Web – Septembre 2026 – Crémerie de Paris,Crémerie de Paris,b@vb.com,Candidature spontanée – Alternance Développeur Web – Septembre 2026 – Crémerie de Paris,OK,r-8346399135390503475,,AUTO
sarahpopulus33@gmail.com|Candidature spontanée – Alternance Développeur Web – Septembre 2026 – Gercop,Gercop,sarahpopulus33@gmail.com,Candidature spontanée – Alternance Développeur Web – Septembre 2026 – Gercop,OK,r3109364224949585770,,AUTO
contact@subskill.com|Candidature spontanée – Alternance Développeur Web – Septembre 2026 – Subskill,Subskill,contact@subskill.com,Candidature spontanée – Alternance Développeur Web – Septembre 2026 – Subskill,OK,r5030594228463709381,,AUTO
contact@webfabrick.com|Candidature spontanée – Alternance Développeur Web – Septembre 2026 – WebFabrick,WebFabrick,contact@webfabrick.com,Candidature spontanée – Alternance Développeur Web – Septembre 2026 – WebFabrick,OK,r-4210055216567757598,,AUTO
sdwan-cloudops@cisco.com|Candidature spontanée – Alternance Développeur Web – Septembre 2026 – Inetum,Inetum,sdwan-cloudops@cisco.com,Candidature spontanée – Alternance Développeur Web – Septembre 2026 – Inetum,OK,r1327617142052014447,,AUTO
bonjour@nuxly.com|Candidature spontanée – Alternance Développeur Web – Septembre 2026 – Nuxly,Nuxly,bonjour@nuxly.com,Candidature spontanée – Alternance Développeur Web – Septembre 2026 – Nuxly,OK,r913244020101162209,,AUTO
presse@codecodecodec.com|Candidature spontanée – Alternance Développeur Web – Septembre 2026 – Code Code Codec,Code Code Codec,presse@codecodecodec.com,Candidature spontanée – Alternance Développeur Web – Septembre 2026 – Code Code Codec,OK,r2054764403487507640,,AUTO
contact@infabric.eu|Candidature spontanée – Alternance Développeur Web – Septembre 2026 – inFABric - architecture design urbanism,inFABric - architecture design urbanism,contact@infabric.eu,Candidature spontanée – Alternance Développeur Web – Septembre 2026 – inFABric - architecture design urbanism,OK,r2288408783529243977,,AUTO
0-email-jobs@probayes.com|Candidature spontanée – Alternance Développeur Web – Septembre 2026 – Probayes,Probayes,0-email-jobs@probayes.com,Candidature spontanée – Alternance Développeur Web – Septembre 2026 – Probayes,OK,r-4110716927854698994,,AUTO
support@bddcomputing.fr|Candidature spontanée – Alternance Développeur Web – Septembre 2026 – BDD Computing,BDD Computing,support@bddcomputing.fr,Candidature spontanée – Alternance Développeur Web – Septembre 2026 – BDD Computing,OK,r5850908076101922106,,AUTO
info@cerene-education.fr|Candidature spontanée – Alternance Développeur Web – Septembre 2026 – École du Cerene,École du Cerene,info@cerene-education.fr,Candidature spontanée – Alternance Développeur Web – Septembre 2026 – École du Cerene,OK,r6115737982773005644,,AUTO
romy.richter@aoshearman.com|Candidature spontanée – Alternance Développeur Web – Septembre 2026 – Allen & Overy LLP,Allen & Overy LLP,romy.richter@aoshearman.com,Candidature spontanée – Alternance Développeur Web – Septembre 2026 – Allen & Overy LLP,OK,r115993204189006390,,AUTO
nicolas.griffet@orange.com|Candidature spontanée – Alternance Développeur Web – Septembre 2026 – Neocles Corporate - Activité virtualisation d'Orange Business Services,Neocles Corporate - Activité virtualisation d'Orange Business Services,nicolas.griffet@orange.com,Candidature spontanée – Alternance Développeur Web – Septembre 2026 – Neocles Corporate - Activité virtualisation d'Orange Business Services,OK,r4789349019572311043,,AUTO
contact@ar-che.com|Candidature spontanée – Alternance Développeur Web – Septembre 2026 – Atelier Ar-Chè,Atelier Ar-Chè,contact@ar-che.com,Candidature spontanée – Alternance Développeur Web – Septembre 2026 – Atelier Ar-Chè,OK,r8125406976379543270,,AUTO
sales.us@scality.com|Candidature spontanée – Alternance Développeur Web – Septembre 2026 – Scality,Scality,sales.us@scality.com,Candidature spontanée – Alternance Développeur Web – Septembre 2026 – Scality,OK,r6441592372797517372,,AUTO
contact@atdl.archi|Candidature spontanée – Alternance Développeur Web – Septembre 2026 – ATDL Architectes,ATDL Architectes,contact@atdl.archi,Candidature spontanée – Alternance Développeur Web – Septembre 2026 – ATDL Architectes,OK,r-5318785458955094907,,AUTO
seo@ctrlc.fr|Candidature spontanée – Alternance Développeur Web – Septembre 2026 – Contrôle-C,Contrôle-C,seo@ctrlc.fr,Candidature spontanée – Alternance Développeur Web – Septembre 2026 – Contrôle-C,OK,r-1594162905122302349,,AUTO
hello@thegoodstart.fr|Candidature spontanée – Alternance Développeur Web – Septembre 2026 – The Good Start,The Good Start,hello@thegoodstart.fr,Candidature spontanée – Alternance Développeur Web – Septembre 2026 – The Good Start,OK,r-5614966711030426846,,AUTO
contact@lachose.fr|Candidature spontanée – Alternance Développeur Web – Septembre 2026 – La Chose,La Chose,contact@lachose.fr,Candidature spontanée – Alternance Développeur Web – Septembre 2026 – La Chose,OK,r-6971950969931558070,,AUTO
contact@reciproque.com|Candidature spontanée – Alternance Développeur Web – Septembre 2026 – Reciproque,Reciproque,contact@reciproque.com,Candidature spontanée – Alternance Développeur Web – Septembre 2026 – Reciproque,OK,r-1332327625455887741,,AUTO
cad66@cad66.fr|Candidature spontanée – Alternance Développeur Web – Septembre 2026 – CAD,CAD,cad66@cad66.fr,Candidature spontanée – Alternance Développeur Web – Septembre 2026 – CAD,OK,r4677805039935055091,,AUTO
ha-communication@herault-arnod.fr|Candidature spontanée – Alternance Développeur Web – Septembre 2026 – Hérault Arnod Architectures,Hérault Arnod Architectures,ha-communication@herault-arnod.fr,Candidature spontanée – Alternance Développeur Web – Septembre 2026 – Hérault Arnod Architectures,OK,r-8316376315051472962,,AUTO
contact@24eme.fr|Candidature spontanée – Alternance Développeur Web – Septembre 2026 – 24ème,24ème,contact@24eme.fr,Candidature spontanée – Alternance Développeur Web – Septembre 2026 – 24ème,OK,r2358440742556267276,,AUTO
contact@threekit.com|Candidature spontanée – Alternance Développeur Web – Septembre 2026 – Threekit,Threekit,contact@threekit.com,Candidature spontanée – Alternance Développeur Web – Septembre 2026 – Threekit,OK,r-7118994934969421519,,AUTO
webmaster@anfh.fr|Candidature spontanée – Alternance Développeur Web – Septembre 2026 – Association nationale pour la formation permanente du personnel hospitalier,Association nationale pour la formation permanente du personnel hospitalier,webmaster@anfh.fr,Candidature spontanée – Alternance Développeur Web – Septembre 2026 – Association nationale pour la formation permanente du personnel hospitalier,OK,r-1217064965907351868,,AUTO
ochirinian@ateliermandarine.fr|Candidature spontanée – Alternance Développeur Web – Septembre 2026 – Mandarine L'Atelier,Mandarine L'Atelier,ochirinian@ateliermandarine.fr,Candidature spontanée – Alternance Développeur Web – Septembre 2026 – Mandarine L'Atelier,OK,r2908937275012715962,,AUTO
contact@repsco.net|Candidature spontanée – Alternance Développeur Web – Septembre 2026 – Repsco Promotion / Ilane,Repsco Promotion / Ilane,contact@repsco.net,Candidature spontanée – Alternance Développeur Web – Septembre 2026 – Repsco Promotion / Ilane,OK,r6971122019712665545,,AUTO
contact@rassemblementnational.fr|Candidature spontanée – Alternance Développeur Web – Septembre 2026 – Rassemblement national,Rassemblement national,contact@rassemblementnational.fr,Candidature spontanée – Alternance Développeur Web – Septembre 2026 – Rassemblement national,OK,r-6718543535664579127,,AUTO
contact@rueil-informatique.fr|Candidature spontanée – Alternance Développeur Web – Septembre 2026 – Rueil informatique,Rueil informatique,contact@rueil-informatique.fr,Candidature spontanée – Alternance Développeur Web – Septembre 2026 – Rueil informatique,OK,r7311760264300568727,,AUTO
c.teissier@orange.fr|Candidature spontanée – Alternance Développeur Web – Septembre 2026 – Christophe Tessier,Christophe Tessier,c.teissier@orange.fr,Candidature spontanée – Alternance Développeur Web – Septembre 2026 – Christophe Tessier,OK,r2917959482742001253,,AUTO
contact@nbs-system.com|Candidature spontanée – Alternance Développeur Web – Septembre 2026 – NBS System,NBS System,contact@nbs-system.com,Candidature spontanée – Alternance Développeur Web – Septembre 2026 – NBS System,OK,r3258955184741313326,,AUTO
carole.r@maestria-concept.com|Candidature spontanée – Alternance Développeur Web – Septembre 2026 – Maestria,Maestria,carole.r@maestria-concept.com,Candidature spontanée – Alternance Développeur Web – Septembre 2026 – Maestria,OK,r5409858890131810729,,AUTO
info@worteks.com|Candidature spontanée – Alternance Développeur Web – Septembre 2026 – Worteks,Worteks,info@worteks.com,Candidature spontanée – Alternance Développeur Web – Septembre 2026 – Worteks,OK,r277710871193376577,,AUTO
support@sofy.fr|Candidature spontanée – Alternance Développeur Web – Septembre 2026 – Sofy France - Agence Et Solutions Digitale,Sofy France - Agence Et Solutions Digitale,support@sofy.fr,Candidature spontanée – Alternance Développeur Web – Septembre 2026 – Sofy France - Agence Et Solutions Digitale,OK,r-2528743992446896492,,AUTO
contact@groupe5emeavenue.fr|Candidature spontanée – Alternance Développeur Web – Septembre 2026 – Groupe 5eme Avenue,Groupe 5eme Avenue,contact@groupe5emeavenue.fr,Candidature spontanée – Alternance Développeur Web – Septembre 2026 – Groupe 5eme Avenue,OK,r5846275537221569113,,AUTO
redaction-jephikto@streetdispatch.com|Candidature spontanée – Alternance Développeur Web – Septembre 2026 – Street Dispatch,Street Dispatch,redaction-jephikto@streetdispatch.com,Candidature spontanée – Alternance Développeur Web – Septembre 2026 – Street Dispatch,OK,r4411939065817624220,,AUTO
info@sensiolabs.com|Candidature spontanée – Alternance Développeur Web – Septembre 2026 – SensioLabs,SensioLabs,info@sensiolabs.com,Candidature spontanée – Alternance Développeur Web – Septembre 2026 – SensioLabs,OK,r5740111163496074266,,AUTO
info@jp.salesforce.com|Candidature spontanée – Alternance Développeur Web – Septembre 2026 – Salesforce,Salesforce,info@jp.salesforce.com,Candidature spontanée – Alternance Développeur Web – Septembre 2026 – Salesforce,OK,r-1730163446456023728,,AUTO
rueil@chronomicro.com|Candidature spontanée – Alternance Développeur Web – Septembre 2026 – Chronomicro,Chronomicro,rueil@chronomicro.com,Candidature spontanée – Alternance Développeur Web – Septembre 2026 – Chronomicro,OK,r-7825014125909854800,,AUTO
contact@illuin.tech|Candidature spontanée – Alternance Développeur Web – Septembre 2026 – ILLUIN Technology,ILLUIN Technology,contact@illuin.tech,Candidature spontanée – Alternance Développeur Web – Septembre 2026 – ILLUIN Technology,OK,r8668242325676812145,,AUTO
"info@alexandrapr.com|Candidature spontanée – Alternance Développeur Web – Septembre 2026 – Le Berre Vevaud, architecte d'intérieur","Le Berre Vevaud, architecte d'intérieur",info@alexandrapr.com,"Candidature spontanée – Alternance Développeur Web – Septembre 2026 – Le Berre Vevaud, architecte d'intérieur",OK,r3607031407864528284,,AUTO
jacques.martin@gmail.com|Candidature spontanée – Alternance Développeur Web – Septembre 2026 – Crédit Expert,Crédit Expert,jacques.martin@gmail.com,Candidature spontanée – Alternance Développeur Web – Septembre 2026 – Crédit Expert,OK,r-1226173867891971754,,AUTO
contact@local-digital.fr|Candidature spontanée – Alternance Développeur Web – Septembre 2026 – Local & Digital,Local & Digital,contact@local-digital.fr,Candidature spontanée – Alternance Développeur Web – Septembre 2026 – Local & Digital,OK,r6193656516298119564,,AUTO
jcourscontact@gmail.com|Candidature spontanée – Alternance Développeur Web – Septembre 2026 – Jcours,Jcours,jcourscontact@gmail.com,Candidature spontanée – Alternance Développeur Web – Septembre 2026 – Jcours,OK,r5445111345203911840,,AUTO
commercial@cis-consulting.com|Candidature spontanée – Alternance Développeur Web – Septembre 2026 – CIS,CIS,commercial@cis-consulting.com,Candidature spontanée – Alternance Développeur Web – Septembre 2026 – CIS,OK,r3007049604139087522,,AUTO
info@nomios.fr|Candidature spontanée – Alternance Développeur Web – Septembre 2026 – Nomios,Nomios,info@nomios.fr,Candidature spontanée – Alternance Développeur Web – Septembre 2026 – Nomios,OK,r-3845540694342872820,,AUTO
oc-marketing@orisha.com|Candidature spontanée – Alternance Développeur Web – Septembre 2026 – fastmag,fastmag,oc-marketing@orisha.com,Candidature spontanée – Alternance Développeur Web – Septembre 2026 – fastmag,OK,r1100861610981823901,,AUTO
dircom@lagardere.fr|Candidature spontanée – Alternance Développeur Web – Septembre 2026 – Lagardère Entertainment,Lagardère Entertainment,dircom@lagardere.fr,Candidature spontanée – Alternance Développeur Web – Septembre 2026 – Lagardère Entertainment,OK,r-1077625270559508531,,AUTO
contact@made-to-measure.fr|Candidature spontanée – Alternance Développeur Web – Septembre 2026 – M2M Made To Measure,M2M Made To Measure,contact@made-to-measure.fr,Candidature spontanée – Alternance Développeur Web – Septembre 2026 – M2M Made To Measure,OK,r1717189493255145914,,AUTO
contact@proxiad.com|Candidature spontanée – Alternance Développeur Web – Septembre 2026 – Proxiad,Proxiad,contact@proxiad.com,Candidature spontanée – Alternance Développeur Web – Septembre 2026 – Proxiad,OK,r2745338332669804224,,AUTO
nrossignol@agence-aanr.com|Candidature spontanée – Alternance Développeur Web – Septembre 2026 – Agence Architecture Nicolas Rossignol,Agence Architecture Nicolas Rossignol,nrossignol@agence-aanr.com,Candidature spontanée – Alternance Développeur Web – Septembre 2026 – Agence Architecture Nicolas Rossignol,OK,r-4894685234826939581,,AUTO
info@venise.com|Candidature spontanée – Alternance Développeur Web – Septembre 2026 – Venise Group,Venise Group,info@venise.com,Candidature spontanée – Alternance Développeur Web – Septembre 2026 – Venise Group,OK,r-7005444910647209385,,AUTO
contact@bizznet.fr|Candidature spontanée – Alternance Développeur Web – Septembre 2026 – Bizznet,Bizznet,contact@bizznet.fr,Candidature spontanée – Alternance Développeur Web – Septembre 2026 – Bizznet,OK,r-4522204203851250090,,AUTO
info@aleph-ecriture.fr|Candidature spontanée – Alternance Développeur Web – Septembre 2026 – Aleph Écriture,Aleph Écriture,info@aleph-ecriture.fr,Candidature spontanée – Alternance Développeur Web – Septembre 2026 – Aleph Écriture,OK,r-9105804886928925547,,AUTO
hellohopening@hopening.fr|Candidature spontanée – Alternance Développeur Web – Septembre 2026 – Hopening,Hopening,hellohopening@hopening.fr,Candidature spontanée – Alternance Développeur Web – Septembre 2026 – Hopening,OK,r303951660753828602,,AUTO
contact@moji.fr|Candidature spontanée – Alternance Développeur Web – Septembre 2026 – Moji,Moji,contact@moji.fr,Candidature spontanée – Alternance Développeur Web – Septembre 2026 – Moji,OK,r6036972049894407623,,AUTO
support@digidux.com|Candidature spontanée – Alternance Développeur Web – Septembre 2026 – DigiDux,DigiDux,support@digidux.com,Candidature spontanée – Alternance Développeur Web – Septembre 2026 – DigiDux,OK,r2058405619317317389,,AUTO
contact@amb-formations.fr|Candidature spontanée – Alternance Développeur Web – Septembre 2026 – AMB Formations,AMB Formations,contact@amb-formations.fr,Candidature spontanée – Alternance Développeur Web – Septembre 2026 – AMB Formations,OK,r4789680582114403018,,AUTO
pcfissy92@gmail.com|Candidature spontanée – Alternance Développeur Web – Septembre 2026 – PCF,PCF,pcfissy92@gmail.com,Candidature spontanée – Alternance Développeur Web – Septembre 2026 – PCF,OK,r-6405820975656868632,,AUTO
'paris@ut7.fr'|Candidature spontanée – Alternance Développeur Web – Septembre 2026 – /ut7,/ut7,'paris@ut7.fr',Candidature spontanée – Alternance Développeur Web – Septembre 2026 – /ut7,FAIL,,"HttpError: <HttpError 400 when requesting https://gmail.googleapis.com/gmail/v1/users/me/drafts?alt=json returned ""Invalid To header"". Details: ""[{'message': 'Invalid To header', 'domain': 'global', 'reason': 'invalidArgument'}]"">",AUTO
domains@seo.domains|Candidature spontanée – Alternance Développeur Web – Septembre 2026 – Le Cargo,Le Cargo,domains@seo.domains,Candidature spontanée – Alternance Développeur Web – Septembre 2026 – Le Cargo,OK,r-3500483447527217122,,AUTO
stages-intensifs-pexels-ivan-samkov-5676741@2x.jpg|Candidature spontanée – Alternance Développeur Web – Septembre 2026 – Anacours,Anacours,stages-intensifs-pexels-ivan-samkov-5676741@2x.jpg,Candidature spontanée – Alternance Développeur Web – Septembre 2026 – Anacours,OK,r-8209979057974892570,,AUTO
domains@seo.domains|Candidature spontanée – Alternance Développeur Web – Septembre 2026 – WISE Partners,WISE Partners,domains@seo.domains,Candidature spontanée – Alternance Développeur Web – Septembre 2026 – WISE Partners,OK,r6700586953178308243,,AUTO
rijksmuseum_3057@a-chemollo-1-scaled.jpg|Candidature spontanée – Alternance Développeur Web – Septembre 2026 – Wilmotte & Associés,Wilmotte & Associés,rijksmuseum_3057@a-chemollo-1-scaled.jpg,Candidature spontanée – Alternance Développeur Web – Septembre 2026 – Wilmotte & Associés,OK,r-6357013099470065310,,AUTO
you@example.com|Candidature spontanée – Alternance Développeur Web – Septembre 2026 – NeosLab,NeosLab,you@example.com,Candidature spontanée – Alternance Développeur Web – Septembre 2026 – NeosLab,OK,r-1845567220184789347,,AUTO
e-logo-lp-192x60@2x-1.png|Candidature spontanée – Alternance Développeur Web – Septembre 2026 – Docndoc,Docndoc,e-logo-lp-192x60@2x-1.png,Candidature spontanée – Alternance Développeur Web – Septembre 2026 – Docndoc,OK,r-2152820960652806367,,AUTO
eespig@2x-95x50.png.webp|Candidature spontanée – Alternance Développeur Web – Septembre 2026 – ISIT Intercultural School,ISIT Intercultural School,eespig@2x-95x50.png.webp,Candidature spontanée – Alternance Développeur Web – Septembre 2026 – ISIT Intercultural School,OK,r2999948828764802898,,AUTO
noreply@envato.com|Candidature spontanée – Alternance Développeur Web – Septembre 2026 – Cedicom,Cedicom,noreply@envato.com,Candidature spontanée – Alternance Développeur Web – Septembre 2026 – Cedicom,OK,r1522353306289847854,,AUTO
pd@2x.png|Candidature spontanée – Alternance Développeur Web – Septembre 2026 – Video design formation,Video design formation,pd@2x.png,Candidature spontanée – Alternance Développeur Web – Septembre 2026 – Video design formation,OK,r2524085544605951359,,AUTO
605a7baede844d278b89dc95ae0a9123@sentry-next.wixpress.com|Candidature spontanée – Alternance Développeur Web – Septembre 2026 – GERA,GERA,605a7baede844d278b89dc95ae0a9123@sentry-next.wixpress.com,Candidature spontanée – Alternance Développeur Web – Septembre 2026 – GERA,OK,r-5822366088656037263,,AUTO
91f58c472217c0201bac7df11c2a01e9@2x.png.webp|Candidature spontanée – Alternance Développeur Web – Septembre 2026 – Techsell,Techsell,91f58c472217c0201bac7df11c2a01e9@2x.png.webp,Candidature spontanée – Alternance Développeur Web – Septembre 2026 – Techsell,OK,r-3743298058255820528,,AUTO
your@email.com|Candidature spontanée – Alternance Développeur Web – Septembre 2026 – Société de Saint-Vincent-de-Paul,Société de Saint-Vincent-de-Paul,your@email.com,Candidature spontanée – Alternance Développeur Web – Septembre 2026 – Société de Saint-Vincent-de-Paul,OK,r-7198947842167185775,,AUTO
user@domain.com|Candidature spontanée – Alternance Développeur Web – Septembre 2026 – Gil Mann Architecture,Gil Mann Architecture,user@domain.com,Candidature spontanée – Alternance Développeur Web – Septembre 2026 – Gil Mann Architecture,OK,r-4230134097709760808,,AUTO
nom@email.fr|Candidature spontanée – Alternance Développeur Web – Septembre 2026 – École de Ballet de l'Opéra de Paris,École de Ballet de l'Opéra de Paris,nom@email.fr,Candidature spontanée – Alternance Développeur Web – Septembre 2026 – École de Ballet de l'Opéra de Paris,OK,r8378657493173582133,,AUTO
chosen-sprite@2x.png|Candidature spontanée – Alternance Développeur Web – Septembre 2026 – Alveus,Alveus,chosen-sprite@2x.png,Candidature spontanée – Alternance Développeur Web – Septembre 2026 – Alveus,OK,r-5018361503096639403,,AUTO
recrutement@infopro-digital.com|Candidature spontanée – Alternance Développeur Web – Septembre 2026 – Infopro Digital,Infopro Digital,recrutement@infopro-digital.com,Candidature spontanée – Alternance Développeur Web – Septembre 2026 – Infopro Digital,OK,r-4975782988341508310,,AUTO
contact@accp.studio|Candidature spontanée – Alternance Développeur Web – Septembre 2026 – Atelier de conception Création Production,Atelier de conception Création Production,contact@accp.studio,Candidature spontanée – Alternance Développeur Web – Septembre 2026 – Atelier de conception Création Production,OK,r2778227379807915025,,AUTO
hello@dire.agency|Candidature spontanée – Alternance Développeur Web – Septembre 2026 – Agence Dire,Agence Dire,hello@dire.agency,Candidature spontanée – Alternance Développeur Web – Septembre 2026 – Agence Dire,OK,r8661759329211863604,,AUTO
contact@istation.fr|Candidature spontanée – Alternance Développeur Web – Septembre 2026 – High Tech Station,High Tech Station,contact@istation.fr,Candidature spontanée – Alternance Développeur Web – Septembre 2026 – High Tech Station,OK,r-3639044573063947815,,AUTO
contact@studio-afl.com|Candidature spontanée – Alternance Développeur Web – Septembre 2026 – Architecture Frédéric Lebard,Architecture Frédéric Lebard,contact@studio-afl.com,Candidature spontanée – Alternance Développeur Web – Septembre 2026 – Architecture Frédéric Lebard,OK,r-7817335029253601069,,AUTO
contact@pam.iledefrance-mobilites.fr|Candidature spontanée – Alternance Développeur Web – Septembre 2026 – Transdev Ile-de-France Nanterre,Transdev Ile-de-France Nanterre,contact@pam.iledefrance-mobilites.fr,Candidature spontanée – Alternance Développeur Web – Septembre 2026 – Transdev Ile-de-France Nanterre,OK,r8505703622222758480,,AUTO
boulogne@petits-fils.com|Candidature spontanée – Alternance Développeur Web – Septembre 2026 – Petits-Fils,Petits-Fils,boulogne@petits-fils.com,Candidature spontanée – Alternance Développeur Web – Septembre 2026 – Petits-Fils,OK,r4154633625025276171,,AUTO
it@acme.com|Candidature spontanée – Alternance Développeur Web – Septembre 2026 – Trout Software,Trout Software,it@acme.com,Candidature spontanée – Alternance Développeur Web – Septembre 2026 – Trout Software,OK,r-4604916501235168917,,AUTO
champs-elysees@apple.com|Candidature spontanée – Alternance Développeur Web – Septembre 2026 – Apple Store,Apple Store,champs-elysees@apple.com,Candidature spontanée – Alternance Développeur Web – Septembre 2026 – Apple Store,OK,r-6436865641765967601,,AUTO
contact@canauxrama.com|Candidature spontanée – Alternance Développeur Web – Septembre 2026 – Canauxrama,Canauxrama,contact@canauxrama.com,Candidature spontanée – Alternance Développeur Web – Septembre 2026 – Canauxrama,OK,r-7633643418113668492,,AUTO
as@architecturestudio.fr|Candidature spontanée – Alternance Développeur Web – Septembre 2026 – Agence d’Architecture Studio,Agence d’Architecture Studio,as@architecturestudio.fr,Candidature spontanée – Alternance Développeur Web – Septembre 2026 – Agence d’Architecture Studio,OK,r7954958662225463143,,AUTO
partenariat@www.quitoque.fr|Candidature spontanée – Alternance Développeur Web – Septembre 2026 – Qui Toque,Qui Toque,partenariat@www.quitoque.fr,Candidature spontanée – Alternance Développeur Web – Septembre 2026 – Qui Toque,OK,r-3608314128358990801,,AUTO
abonnements@lequotidiendumedecin.fr|Candidature spontanée – Alternance Développeur Web – Septembre 2026 – SESC SA (Société des Éditions Scientifiques et Culturelles),SESC SA (Société des Éditions Scientifiques et Culturelles),abonnements@lequotidiendumedecin.fr,Candidature spontanée – Alternance Développeur Web – Septembre 2026 – SESC SA (Société des Éditions Scientifiques et Culturelles),OK,r8850173642375852807,,AUTO
jobs@5eproductions.com|Candidature spontanée – Alternance Développeur Web – Septembre 2026 – Cinq Étoiles Productions,Cinq Étoiles Productions,jobs@5eproductions.com,Candidature spontanée – Alternance Développeur Web – Septembre 2026 – Cinq Étoiles Productions,OK,r3504162074527788288,,AUTO
frinfo@airproducts.com|Candidature spontanée – Alternance Développeur Web – Septembre 2026 – Air Products,Air Products,frinfo@airproducts.com,Candidature spontanée – Alternance Développeur Web – Septembre 2026 – Air Products,OK,r652266086139754137,,AUTO
pmvidal@wegf.org|Candidature spontanée – Alternance Développeur Web – Septembre 2026 – Société d'Édition Publique,Société d'Édition Publique,pmvidal@wegf.org,Candidature spontanée – Alternance Développeur Web – Septembre 2026 – Société d'Édition Publique,OK,r4017514062240154174,,AUTO
webmaster@airprod.com|Candidature spontanée – Alternance Développeur Web – Septembre 2026 – Air Productions,Air Productions,webmaster@airprod.com,Candidature spontanée – Alternance Développeur Web – Septembre 2026 – Air Productions,OK,r3158201911626796337,,AUTO
contact@prestige-facilities.com|Candidature spontanée – Alternance Développeur Web – Septembre 2026 – Prestige Facilities,Prestige Facilities,contact@prestige-facilities.com,Candidature spontanée – Alternance Développeur Web – Septembre 2026 – Prestige Facilities,OK,r-1202160528843068789,,AUTO
support@luxurynsight.com|Candidature spontanée – Alternance Développeur Web – Septembre 2026 – Luxurynsight,Luxurynsight,support@luxurynsight.com,Candidature spontanée – Alternance Développeur Web – Septembre 2026 – Luxurynsight,OK,r-1970794036156868628,,AUTO
recrutement@citepa.org|Candidature spontanée – Alternance Développeur Web – Septembre 2026 – CITEPA,CITEPA,recrutement@citepa.org,Candidature spontanée – Alternance Développeur Web – Septembre 2026 – CITEPA,OK,r-7088112003214129059,,AUTO
hello@wanda.fr|Candidature spontanée – Alternance Développeur Web – Septembre 2026 – Wanda productions,Wanda productions,hello@wanda.fr,Candidature spontanée – Alternance Développeur Web – Septembre 2026 – Wanda productions,OK,r4487155752924501772,,AUTO
contact@verygroup.fr|Candidature spontanée – Alternance Développeur Web – Septembre 2026 – VeryShow productions,VeryShow productions,contact@verygroup.fr,Candidature spontanée – Alternance Développeur Web – Septembre 2026 – VeryShow productions,OK,r-7839042405352405759,,AUTO
nom@exemple.fr|Candidature spontanée – Alternance Développeur Web – Septembre 2026 – OCTO Technology,OCTO Technology,nom@exemple.fr,Candidature spontanée – Alternance Développeur Web – Septembre 2026 – OCTO Technology,OK,r-7052903597890509579,,AUTO
accueil98@cerpe.info|Candidature spontanée – Alternance Développeur Web – Septembre 2026 – CERPE - Centre d'Études et de Recherche pour la Petite Enfance,CERPE - Centre d'Études et de Recherche pour la Petite Enfance,accueil98@cerpe.info,Candidature spontanée – Alternance Développeur Web – Septembre 2026 – CERPE - Centre d'Études et de Recherche pour la Petite Enfance,OK,r4900255436437394211,,AUTO
contact@triomphe-securite.fr|Candidature spontanée – Alternance Développeur Web – Septembre 2026 – Triomphe Sécurité,Triomphe Sécurité,contact@triomphe-securite.fr,Candidature spontanée – Alternance Développeur Web – Septembre 2026 – Triomphe Sécurité,OK,r3456753938111518594,,AUTO
contact@furn.paris|Candidature spontanée – Alternance Développeur Web – Septembre 2026 – FURN - Architecture intérieure,FURN - Architecture intérieure,contact@furn.paris,Candidature spontanée – Alternance Développeur Web – Septembre 2026 – FURN - Architecture intérieure,OK,r5851799852353008161,,AUTO
agence@olivier-daurat-architecture.fr|Candidature spontanée – Alternance Développeur Web – Septembre 2026 – Olivier Daurat Architecture,Olivier Daurat Architecture,agence@olivier-daurat-architecture.fr,Candidature spontanée – Alternance Développeur Web – Septembre 2026 – Olivier Daurat Architecture,OK,r-3101222668010878550,,AUTO
nathan@integral.eu|Candidature spontanée – Alternance Développeur Web – Septembre 2026 – Digitad,Digitad,nathan@integral.eu,Candidature spontanée – Alternance Développeur Web – Septembre 2026 – Digitad,OK,r2747219308777315490,,AUTO
shop@xrayproduction.com|Candidature spontanée – Alternance Développeur Web – Septembre 2026 – X-Ray Production,X-Ray Production,shop@xrayproduction.com,Candidature spontanée – Alternance Développeur Web – Septembre 2026 – X-Ray Production,OK,r5425322368676614535,,AUTO
velita.sap@gmail.com|Candidature spontanée – Alternance Développeur Web – Septembre 2026 – Velita,Velita,velita.sap@gmail.com,Candidature spontanée – Alternance Développeur Web – Septembre 2026 – Velita,OK,r-8386263421783387572,,AUTO
jobs@withings.com|Candidature spontanée – Alternance Développeur Web – Septembre 2026 – Withings,Withings,jobs@withings.com,Candidature spontanée – Alternance Développeur Web – Septembre 2026 – Withings,OK,r543792364706607023,,AUTO
commande@itcpiercing.com|Candidature spontanée – Alternance Développeur Web – Septembre 2026 – Le comptoir ITC,Le comptoir ITC,commande@itcpiercing.com,Candidature spontanée – Alternance Développeur Web – Septembre 2026 – Le comptoir ITC,OK,r-5536152147605193452,,AUTO
macula@editionsmacula.com|Candidature spontanée – Alternance Développeur Web – Septembre 2026 – Éditions Macula,Éditions Macula,macula@editionsmacula.com,Candidature spontanée – Alternance Développeur Web – Septembre 2026 – Éditions Macula,OK,r3033172229744834449,,AUTO
atelier@jbmn.eu|Candidature spontanée – Alternance Développeur Web – Septembre 2026 – jbmn architectes,jbmn architectes,atelier@jbmn.eu,Candidature spontanée – Alternance Développeur Web – Septembre 2026 – jbmn architectes,OK,r1157315334230810837,,AUTO
cardinet@parishabitat.fr|Candidature spontanée – Alternance Développeur Web – Septembre 2026 – Paris Habitat,Paris Habitat,cardinet@parishabitat.fr,Candidature spontanée – Alternance Développeur Web – Septembre 2026 – Paris Habitat,OK,r3222808775545414900,,AUTO
contact@scobprod.com|Candidature spontanée – Alternance Développeur Web – Septembre 2026 – SCOB - Production vidéo,SCOB - Production vidéo,contact@scobprod.com,Candidature spontanée – Alternance Développeur Web – Septembre 2026 – SCOB - Production vidéo,OK,r8649694216202653675,,AUTO
contact@bienvieillir-idf.org|Candidature spontanée – Alternance Développeur Web – Septembre 2026 – Bien Vieillir - Solidarité Plus,Bien Vieillir - Solidarité Plus,contact@bienvieillir-idf.org,Candidature spontanée – Alternance Développeur Web – Septembre 2026 – Bien Vieillir - Solidarité Plus,OK,r3500503617491052455,,AUTO
vous@entreprise.com|Candidature spontanée – Alternance Développeur Web – Septembre 2026 – Kelvin technologies,Kelvin technologies,vous@entreprise.com,Candidature spontanée – Alternance Développeur Web – Septembre 2026 – Kelvin technologies,OK,r-1028529597412754522,,AUTO
explore@latitudes.cc|Candidature spontanée – Alternance Développeur Web – Septembre 2026 – Latitudes,Latitudes,explore@latitudes.cc,Candidature spontanée – Alternance Développeur Web – Septembre 2026 – Latitudes,OK,r1438745766042001522,,AUTO
agence@follea-gautier.com|Candidature spontanée – Alternance Développeur Web – Septembre 2026 – architecte paysagiste,architecte paysagiste,agence@follea-gautier.com,Candidature spontanée – Alternance Développeur Web – Septembre 2026 – architecte paysagiste,OK,r-4788410319092843071,,AUTO
hakim@gmbapi.com|Candidature spontanée – Alternance Développeur Web – Septembre 2026 – Local Search Software by GMBapi.com,Local Search Software by GMBapi.com,hakim@gmbapi.com,Candidature spontanée – Alternance Développeur Web – Septembre 2026 – Local Search Software by GMBapi.com,OK,r4082592634889572100,,AUTO
info@jensmobiles.fr|Candidature spontanée – Alternance Développeur Web – Septembre 2026 – Jen's Mobiles Accessories,Jen's Mobiles Accessories,info@jensmobiles.fr,Candidature spontanée – Alternance Développeur Web – Septembre 2026 – Jen's Mobiles Accessories,OK,r4885245327409105436,,AUTO
contactclient@institutquatredix.fr|Candidature spontanée – Alternance Développeur Web – Septembre 2026 – Institut 4.10,Institut 4.10,contactclient@institutquatredix.fr,Candidature spontanée – Alternance Développeur Web – Septembre 2026 – Institut 4.10,OK,r-5321204219044691110,,AUTO
contact@atelierunearchitecture.com|Candidature spontanée – Alternance Développeur Web – Septembre 2026 – Atelier Une Architecture,Atelier Une Architecture,contact@atelierunearchitecture.com,Candidature spontanée – Alternance Développeur Web – Septembre 2026 – Atelier Une Architecture,OK,r-4526187297730483559,,AUTO
contact@quietvox.com|Candidature spontanée – Alternance Développeur Web – Septembre 2026 – Quietvox,Quietvox,contact@quietvox.com,Candidature spontanée – Alternance Développeur Web – Septembre 2026 – Quietvox,OK,r1886045563239253489,,AUTO
info@m4s.com|Candidature spontanée – Alternance Développeur Web – Septembre 2026 – M4 Sécurité,M4 Sécurité,info@m4s.com,Candidature spontanée – Alternance Développeur Web – Septembre 2026 – M4 Sécurité,OK,r-5867944609917678067,,AUTO
contact@temps-present.fr|Candidature spontanée – Alternance Développeur Web – Septembre 2026 – Temps Présent Éditions,Temps Présent Éditions,contact@temps-present.fr,Candidature spontanée – Alternance Développeur Web – Septembre 2026 – Temps Présent Éditions,OK,r7737814005879326960,,AUTO
contact@sapiens.archi|Candidature spontanée – Alternance Développeur Web – Septembre 2026 – Sapiens Architectes,Sapiens Architectes,contact@sapiens.archi,Candidature spontanée – Alternance Développeur Web – Septembre 2026 – Sapiens Architectes,OK,r22739581377970167,,AUTO
contact@milieux.fr|Candidature spontanée – Alternance Développeur Web – Septembre 2026 – Boris Bouchet Architectes,Boris Bouchet Architectes,contact@milieux.fr,Candidature spontanée – Alternance Développeur Web – Septembre 2026 – Boris Bouchet Architectes,OK,r-1560295376386614354,,AUTO
contact@modelar.fr|Candidature spontanée – Alternance Développeur Web – Septembre 2026 – Modelar | Rénovation & Conception d'intérieurs | Depuis 2002,Modelar | Rénovation & Conception d'intérieurs | Depuis 2002,contact@modelar.fr,Candidature spontanée – Alternance Développeur Web – Septembre 2026 – Modelar | Rénovation & Conception d'intérieurs | Depuis 2002,OK,r-2957933444351812197,,AUTO
ecolematernelle@casita-montessori.fr|Candidature spontanée – Alternance Développeur Web – Septembre 2026 – La Casita Montessori,La Casita Montessori,ecolematernelle@casita-montessori.fr,Candidature spontanée – Alternance Développeur Web – Septembre 2026 – La Casita Montessori,OK,r-9147513002759520463,,AUTO
contact@void.fr|Candidature spontanée – Alternance Développeur Web – Septembre 2026 – Société des Auteurs et Compositeurs Dramatiques,Société des Auteurs et Compositeurs Dramatiques,contact@void.fr,Candidature spontanée – Alternance Développeur Web – Septembre 2026 – Société des Auteurs et Compositeurs Dramatiques,OK,r3909720373509253573,,AUTO
contact@tech-advantage.com|Candidature spontanée – Alternance Développeur Web – Septembre 2026 – Tech'advantage,Tech'advantage,contact@tech-advantage.com,Candidature spontanée – Alternance Développeur Web – Septembre 2026 – Tech'advantage,OK,r3467445294502000641,,AUTO
contact@pavillon-gourmet.fr|Candidature spontanée – Alternance Développeur Web – Septembre 2026 – Fusion Traiteur,Fusion Traiteur,contact@pavillon-gourmet.fr,Candidature spontanée – Alternance Développeur Web – Septembre 2026 – Fusion Traiteur,OK,r3048002230921070936,,AUTO
icimontreuil@makeici.org|Candidature spontanée – Alternance Développeur Web – Septembre 2026 – ICI Montreuil,ICI Montreuil,icimontreuil@makeici.org,Candidature spontanée – Alternance Développeur Web – Septembre 2026 – ICI Montreuil,OK,r-8754541191086041589,,AUTO
commercial@thomastraiteur.fr|Candidature spontanée – Alternance Développeur Web – Septembre 2026 – Thomas Traiteur,Thomas Traiteur,commercial@thomastraiteur.fr,Candidature spontanée – Alternance Développeur Web – Septembre 2026 – Thomas Traiteur,OK,r-2049677782198029010,,AUTO
info_logistics@lda.fr|Candidature spontanée – Alternance Développeur Web – Septembre 2026 – Louis Dreyfus Armateurs,Louis Dreyfus Armateurs,info_logistics@lda.fr,Candidature spontanée – Alternance Développeur Web – Septembre 2026 – Louis Dreyfus Armateurs,OK,r5679819813002934318,,AUTO
emts@emts-eu.com|Candidature spontanée – Alternance Développeur Web – Septembre 2026 – EMTS - PUTEAUX,EMTS - PUTEAUX,emts@emts-eu.com,Candidature spontanée – Alternance Développeur Web – Septembre 2026 – EMTS - PUTEAUX,OK,r-7159047987912927948,,AUTO
support@menageparfait.fr|Candidature spontanée – Alternance Développeur Web – Septembre 2026 – Ménage Parfait Services,Ménage Parfait Services,support@menageparfait.fr,Candidature spontanée – Alternance Développeur Web – Septembre 2026 – Ménage Parfait Services,OK,r2009723057401900056,,AUTO
archis@7-29.fr|Candidature spontanée – Alternance Développeur Web – Septembre 2026 – 7-29 Architectes,7-29 Architectes,archis@7-29.fr,Candidature spontanée – Alternance Développeur Web – Septembre 2026 – 7-29 Architectes,OK,r-5516712165803724221,,AUTO
contact@citron.io|Candidature spontanée – Alternance Développeur Web – Septembre 2026 – Citron,Citron,contact@citron.io,Candidature spontanée – Alternance Développeur Web – Septembre 2026 – Citron,OK,r-9100784498011915497,,AUTO
jeandupont@itancia.com|Candidature spontanée – Alternance Développeur Web – Septembre 2026 – Itancia,Itancia,jeandupont@itancia.com,Candidature spontanée – Alternance Développeur Web – Septembre 2026 – Itancia,OK,r-5413377739083335127,,AUTO
jobs@kappoeng.com|Candidature spontanée – Alternance Développeur Web – Septembre 2026 – Kappa Engineering,Kappa Engineering,jobs@kappoeng.com,Candidature spontanée – Alternance Développeur Web – Septembre 2026 – Kappa Engineering,OK,r8609482858175512954,,AUTO
tpsoisy@tpsoisy.fr|Candidature spontanée – Alternance Développeur Web – Septembre 2026 – Travaux Publics de Soisy (TPS),Travaux Publics de Soisy (TPS),tpsoisy@tpsoisy.fr,Candidature spontanée – Alternance Développeur Web – Septembre 2026 – Travaux Publics de Soisy (TPS),OK,r3375054549106411870,,AUTO
contacteznous@compagnie-deboucheurs.com|Candidature spontanée – Alternance Développeur Web – Septembre 2026 – Compagnie Des Déboucheurs Alpes-Maritimes,Compagnie Des Déboucheurs Alpes-Maritimes,contacteznous@compagnie-deboucheurs.com,Candidature spontanée – Alternance Développeur Web – Septembre 2026 – Compagnie Des Déboucheurs Alpes-Maritimes,OK,r-3479049507703943035,,AUTO
paris10@yesss-fr.com|Candidature spontanée – Alternance Développeur Web – Septembre 2026 – Yesss électrique,Yesss électrique,paris10@yesss-fr.com,Candidature spontanée – Alternance Développeur Web – Septembre 2026 – Yesss électrique,OK,r98576590218336956,,AUTO
contact@ste-eip.com|Candidature spontanée – Alternance Développeur Web – Septembre 2026 – EIP,EIP,contact@ste-eip.com,Candidature spontanée – Alternance Développeur Web – Septembre 2026 – EIP,OK,r4785528259279720938,,AUTO
brillance.net21100@gmail.com|Candidature spontanée – Alternance Développeur Web – Septembre 2026 – Brillance-Net,Brillance-Net,brillance.net21100@gmail.com,Candidature spontanée – Alternance Développeur Web – Septembre 2026 – Brillance-Net,OK,r-3426630490049786971,,AUTO
mrb.bat23@gmail.com|Candidature spontanée – Alternance Développeur Web – Septembre 2026 – Mrb Bat,Mrb Bat,mrb.bat23@gmail.com,Candidature spontanée – Alternance Développeur Web – Septembre 2026 – Mrb Bat,OK,r-6053692597139188102,,AUTO
boutique@renaissens.com|Candidature spontanée – Alternance Développeur Web – Septembre 2026 – Renaissens,Renaissens,boutique@renaissens.com,Candidature spontanée – Alternance Développeur Web – Septembre 2026 – Renaissens,OK,r4880848790486503487,,AUTO
contact@medimmoconso.fr|Candidature spontanée – Alternance Développeur Web – Septembre 2026 – La Petite Académie,La Petite Académie,contact@medimmoconso.fr,Candidature spontanée – Alternance Développeur Web – Septembre 2026 – La Petite Académie,OK,r-7627825456342349581,,AUTO
contact@kinaxia.fr|Candidature spontanée – Alternance Développeur Web – Septembre 2026 – Septeo Proptech,Septeo Proptech,contact@kinaxia.fr,Candidature spontanée – Alternance Développeur Web – Septembre 2026 – Septeo Proptech,OK,r3796595974847435801,,AUTO
contact.energies@groupe-long.fr|Candidature spontanée – Alternance Développeur Web – Septembre 2026 – Socop,Socop,contact.energies@groupe-long.fr,Candidature spontanée – Alternance Développeur Web – Septembre 2026 – Socop,OK,r8567199373874083580,,AUTO
info@atelier-mac.com|Candidature spontanée – Alternance Développeur Web – Septembre 2026 – L'Atelier du Mac,L'Atelier du Mac,info@atelier-mac.com,Candidature spontanée – Alternance Développeur Web – Septembre 2026 – L'Atelier du Mac,OK,r-4883319583319295108,,AUTO
dpo@ifpen.fr|Candidature spontanée – Alternance Développeur Web – Septembre 2026 – IFP Energies nouvelles,IFP Energies nouvelles,dpo@ifpen.fr,Candidature spontanée – Alternance Développeur Web – Septembre 2026 – IFP Energies nouvelles,OK,r4105607347298035264,,AUTO
corey.zussman@aecom.com|Candidature spontanée – Alternance Développeur Web – Septembre 2026 – AECOM France,AECOM France,corey.zussman@aecom.com,Candidature spontanée – Alternance Développeur Web – Septembre 2026 – AECOM France,OK,r6086901024429998427,,AUTO
recrutements@promogim.fr|Candidature spontanée – Alternance Développeur Web – Septembre 2026 – Promogim Île-de-France,Promogim Île-de-France,recrutements@promogim.fr,Candidature spontanée – Alternance Développeur Web – Septembre 2026 – Promogim Île-de-France,OK,r7635177177308529100,,AUTO
florence.espagnacq@vitalliance.fr|Candidature spontanée – Alternance Développeur Web – Septembre 2026 – Vitalliance,Vitalliance,florence.espagnacq@vitalliance.fr,Candidature spontanée – Alternance Développeur Web – Septembre 2026 – Vitalliance,OK,r-2752600329269545106,,AUTO
contact@pcduo.fr|Candidature spontanée – Alternance Développeur Web – Septembre 2026 – PcDuo.fr,PcDuo.fr,contact@pcduo.fr,Candidature spontanée – Alternance Développeur Web – Septembre 2026 – PcDuo.fr,OK,r-1562310069139727685,,AUTO
equipecommunication@aubay.com|Candidature spontanée – Alternance Développeur Web – Septembre 2026 – Aubay,Aubay,equipecommunication@aubay.com,Candidature spontanée – Alternance Développeur Web – Septembre 2026 – Aubay,OK,r-3603032239828045268,,AUTO
contact@service.rosedeals.veepee.fr|Candidature spontanée – Alternance Développeur Web – Septembre 2026 – Veepee,Veepee,contact@service.rosedeals.veepee.fr,Candidature spontanée – Alternance Développeur Web – Septembre 2026 – Veepee,OK,r-3804495017563005042,,AUTO
name@yourdomain.com|Candidature spontanée – Alternance Développeur Web – Septembre 2026 – Armatis,Armatis,name@yourdomain.com,Candidature spontanée – Alternance Développeur Web – Septembre 2026 – Armatis,OK,r8645203383632732377,,AUTO
contact@bnass.com|Candidature spontanée – Alternance Développeur Web – Septembre 2026 – Institut culinaire de Paris,Institut culinaire de Paris,contact@bnass.com,Candidature spontanée – Alternance Développeur Web – Septembre 2026 – Institut culinaire de Paris,OK,r-2861916141233236089,,AUTO
hello@meotec.com|Candidature spontanée – Alternance Développeur Web – Septembre 2026 – Meotec,Meotec,hello@meotec.com,Candidature spontanée – Alternance Développeur Web – Septembre 2026 – Meotec,OK,r-1613699793281684732,,AUTO
contact.rte@rte-france.com|Candidature spontanée – Alternance Développeur Web – Septembre 2026 – Centre national d'exploitation du système électrique,Centre national d'exploitation du système électrique,contact.rte@rte-france.com,Candidature spontanée – Alternance Développeur Web – Septembre 2026 – Centre national d'exploitation du système électrique,OK,r-9038256616348411774,,AUTO
contact.guimier@boisetmateriaux.com|Candidature spontanée – Alternance Développeur Web – Septembre 2026 – Guimier,Guimier,contact.guimier@boisetmateriaux.com,Candidature spontanée – Alternance Développeur Web – Septembre 2026 – Guimier,OK,r-2897873534234185588,,AUTO
%20support@www.sidetrade.com|Candidature spontanée – Alternance Développeur Web – Septembre 2026 – Sidetrade,Sidetrade,%20support@www.sidetrade.com,Candidature spontanée – Alternance Développeur Web – Septembre 2026 – Sidetrade,OK,r2716598519545017103,,AUTO
cat@alertethic.fr|Candidature spontanée – Alternance Développeur Web – Septembre 2026 – Groupe CAT - Compagnie d'Affrêtement et de Transport,Groupe CAT - Compagnie d'Affrêtement et de Transport,cat@alertethic.fr,Candidature spontanée – Alternance Développeur Web – Septembre 2026 – Groupe CAT - Compagnie d'Affrêtement et de Transport,OK,r3131220075965337126,,AUTO
info@lenettoyage.fr|Candidature spontanée – Alternance Développeur Web – Septembre 2026 – Le Nettoyage,Le Nettoyage,info@lenettoyage.fr,Candidature spontanée – Alternance Développeur Web – Septembre 2026 – Le Nettoyage,OK,r9195019845073790676,,AUTO
contact.us@odigo.com|Candidature spontanée – Alternance Développeur Web – Septembre 2026 – Prosodie,Prosodie,contact.us@odigo.com,Candidature spontanée – Alternance Développeur Web – Septembre 2026 – Prosodie,OK,r3910930074295186728,,AUTO
contact@technologyandstrategy.com|Candidature spontanée – Alternance Développeur Web – Septembre 2026 – Degetel,Degetel,contact@technologyandstrategy.com,Candidature spontanée – Alternance Développeur Web – Septembre 2026 – Degetel,OK,r-182415634625404868,,AUTO
contact@technologyandstrategy.com|Candidature spontanée – Alternance Développeur Web – Septembre 2026 – Neotilus (Degetel),Neotilus (Degetel),contact@technologyandstrategy.com,Candidature spontanée – Alternance Développeur Web – Septembre 2026 – Neotilus (Degetel),OK,r7144921676686312355,,AUTO
communication@idex.fr|Candidature spontanée – Alternance Développeur Web – Septembre 2026 – Idex Groupe,Idex Groupe,communication@idex.fr,Candidature spontanée – Alternance Développeur Web – Septembre 2026 – Idex Groupe,OK,r-417541063951118491,,AUTO
dpo@spiebatignolles.fr|Candidature spontanée – Alternance Développeur Web – Septembre 2026 – Spie Batignolles TPCI,Spie Batignolles TPCI,dpo@spiebatignolles.fr,Candidature spontanée – Alternance Développeur Web – Septembre 2026 – Spie Batignolles TPCI,OK,r-161179843940734880,,AUTO
logz+sav-m2starter@colorz.fr|Candidature spontanée – Alternance Développeur Web – Septembre 2026 – La Bananeraie,La Bananeraie,logz+sav-m2starter@colorz.fr,Candidature spontanée – Alternance Développeur Web – Septembre 2026 – La Bananeraie,OK,r-1284707641108424333,,AUTO
communication@wavestone.com|Candidature spontanée – Alternance Développeur Web – Septembre 2026 – Wavestone,Wavestone,communication@wavestone.com,Candidature spontanée – Alternance Développeur Web – Septembre 2026 – Wavestone,OK,r6414954810987635610,,AUTO
hotline@ellisphere.com|Candidature spontanée – Alternance Développeur Web – Septembre 2026 – Ellisphere,Ellisphere,hotline@ellisphere.com,Candidature spontanée – Alternance Développeur Web – Septembre 2026 – Ellisphere,OK,r6937127286340655929,,AUTO
commercial@metanext.com|Candidature spontanée – Alternance Développeur Web – Septembre 2026 – Metanext,Metanext,commercial@metanext.com,Candidature spontanée – Alternance Développeur Web – Septembre 2026 – Metanext,OK,r7537274518406604688,,AUTO
contact.fr@sodexo.com|Candidature spontanée – Alternance Développeur Web – Septembre 2026 – Sogeres,Sogeres,contact.fr@sodexo.com,Candidature spontanée – Alternance Développeur Web – Septembre 2026 – Sogeres,OK,r-2768591156255193326,,AUTO
public_affairs@gilead.com|Candidature spontanée – Alternance Développeur Web – Septembre 2026 – Gilead Sciences,Gilead Sciences,public_affairs@gilead.com,Candidature spontanée – Alternance Développeur Web – Septembre 2026 – Gilead Sciences,OK,r8617208379273936817,,AUTO
service-client@antalis.com|Candidature spontanée – Alternance Développeur Web – Septembre 2026 – Antalis International (Groupe Sequana),Antalis International (Groupe Sequana),service-client@antalis.com,Candidature spontanée – Alternance Développeur Web – Septembre 2026 – Antalis International (Groupe Sequana),OK,r4367310759446222827,,AUTO
cci@pactenovation.fr|Candidature spontanée – Alternance Développeur Web – Septembre 2026 – Pacte Novation,Pacte Novation,cci@pactenovation.fr,Candidature spontanée – Alternance Développeur Web – Septembre 2026 – Pacte Novation,OK,r1889714951450630569,,AUTO
ecft@ecft.fr|Candidature spontanée – Alternance Développeur Web – Septembre 2026 – École de Conduite et de Formation Taxis,École de Conduite et de Formation Taxis,ecft@ecft.fr,Candidature spontanée – Alternance Développeur Web – Septembre 2026 – École de Conduite et de Formation Taxis,OK,r2930751884103227046,,AUTO
dpo@spiebatignolles.fr|Candidature spontanée – Alternance Développeur Web – Septembre 2026 – Spie Batignolles,Spie Batignolles,dpo@spiebatignolles.fr,Candidature spontanée – Alternance Développeur Web – Septembre 2026 – Spie Batignolles,OK,r3860450211261176065,,AUTO
emmanuelle.frezza@gescop.fr|Candidature spontanée – Alternance Développeur Web – Septembre 2026 – Gescop,Gescop,emmanuelle.frezza@gescop.fr,Candidature spontanée – Alternance Développeur Web – Septembre 2026 – Gescop,OK,r-7107571457145726401,,AUTO
contact@soveagroupe.fr|Candidature spontanée – Alternance Développeur Web – Septembre 2026 – Cortex France,Cortex France,contact@soveagroupe.fr,Candidature spontanée – Alternance Développeur Web – Septembre 2026 – Cortex France,OK,r-1806951821061246521,,AUTO
contact@atelierdemidi.fr|Candidature spontanée – Alternance Développeur Web – Septembre 2026 – Atelier de Midi,Atelier de Midi,contact@atelierdemidi.fr,Candidature spontanée – Alternance Développeur Web – Septembre 2026 – Atelier de Midi,OK,r-6217097708823738443,,AUTO
info@geovariances.com|Candidature spontanée – Alternance Développeur Web – Septembre 2026 – Geovariances,Geovariances,info@geovariances.com,Candidature spontanée – Alternance Développeur Web – Septembre 2026 – Geovariances,OK,r8052291519170858495,,AUTO
contact@em-fontainebleau.fr|Candidature spontanée – Alternance Développeur Web – Septembre 2026 – Espace Multimedia Fontainebleau,Espace Multimedia Fontainebleau,contact@em-fontainebleau.fr,Candidature spontanée – Alternance Développeur Web – Septembre 2026 – Espace Multimedia Fontainebleau,OK,r-1796629086689376877,,AUTO
contact@bagneuxenvironnement.org|Candidature spontanée – Alternance Développeur Web – Septembre 2026 – Atelier BE,Atelier BE,contact@bagneuxenvironnement.org,Candidature spontanée – Alternance Développeur Web – Septembre 2026 – Atelier BE,OK,r6395038750317055138,,AUTO
contact@aptibois.fr|Candidature spontanée – Alternance Développeur Web – Septembre 2026 – Aptibois Machine A Bois,Aptibois Machine A Bois,contact@aptibois.fr,Candidature spontanée – Alternance Développeur Web – Septembre 2026 – Aptibois Machine A Bois,OK,r-2330904270943406629,,AUTO
direction@acns.fr|Candidature spontanée – Alternance Développeur Web – Septembre 2026 – ACNS Automatismes Commandes Numériques Systèmes,ACNS Automatismes Commandes Numériques Systèmes,direction@acns.fr,Candidature spontanée – Alternance Développeur Web – Septembre 2026 – ACNS Automatismes Commandes Numériques Systèmes,OK,r47295806891708962,,AUTO
cs77@cs77.fr|Candidature spontanée – Alternance Développeur Web – Septembre 2026 – CS 77,CS 77,cs77@cs77.fr,Candidature spontanée – Alternance Développeur Web – Septembre 2026 – CS 77,OK,r4170750329232122447,,AUTO
contact@bercauverre.eu|Candidature spontanée – Alternance Développeur Web – Septembre 2026 – Bercauverre,Bercauverre,contact@bercauverre.eu,Candidature spontanée – Alternance Développeur Web – Septembre 2026 – Bercauverre,OK,r-6099466911236004725,,AUTO
contact@avrbat.com|Candidature spontanée – Alternance Développeur Web – Septembre 2026 – Avrbat,Avrbat,contact@avrbat.com,Candidature spontanée – Alternance Développeur Web – Septembre 2026 – Avrbat,OK,r3750139543616155286,,AUTO
fontainebleau@demenageurs-bretons.fr|Candidature spontanée – Alternance Développeur Web – Septembre 2026 – Les déménageurs bretons,Les déménageurs bretons,fontainebleau@demenageurs-bretons.fr,Candidature spontanée – Alternance Développeur Web – Septembre 2026 – Les déménageurs bretons,OK,r-6816214801346511563,,AUTO
contact@maison7esens.fr|Candidature spontanée – Alternance Développeur Web – Septembre 2026 – Maison 7e Sens,Maison 7e Sens,contact@maison7esens.fr,Candidature spontanée – Alternance Développeur Web – Septembre 2026 – Maison 7e Sens,OK,r1763525895111474939,,AUTO
agence37@rberton.com|Candidature spontanée – Alternance Développeur Web – Septembre 2026 – Les gentlemen du déménagement,Les gentlemen du déménagement,agence37@rberton.com,Candidature spontanée – Alternance Développeur Web – Septembre 2026 – Les gentlemen du déménagement,OK,r-6715930252065228670,,AUTO
cpf.fontainebleau@onf.fr|Candidature spontanée – Alternance Développeur Web – Septembre 2026 – Centre pédagogique Forestier de Fontainebleau,Centre pédagogique Forestier de Fontainebleau,cpf.fontainebleau@onf.fr,Candidature spontanée – Alternance Développeur Web – Septembre 2026 – Centre pédagogique Forestier de Fontainebleau,OK,r8037801266808985215,,AUTO
aviation.design@wanadoo.fr|Candidature spontanée – Alternance Développeur Web – Septembre 2026 – Aviation Design,Aviation Design,aviation.design@wanadoo.fr,Candidature spontanée – Alternance Développeur Web – Septembre 2026 – Aviation Design,OK,r3012645201867191104,,AUTO
job@combas.archi|Candidature spontanée – Alternance développement / systèmes – Septembre 2026 – Combas Architectes,Combas Architectes,job@combas.archi,Candidature spontanée – Alternance développement / systèmes – Septembre 2026 – Combas Architectes,OK,r9215773673921543053,,MISSING
contact@aliant.fr|Candidature spontanée – Alternance développement / systèmes – Septembre 2026 – Aliant,Aliant,contact@aliant.fr,Candidature spontanée – Alternance développement / systèmes – Septembre 2026 – Aliant,OK,r-642955532230039872,,AUTO
contact@greenerwave.com|Candidature spontanée – Alternance développement / systèmes – Septembre 2026 – Greenerwave,Greenerwave,contact@greenerwave.com,Candidature spontanée – Alternance développement / systèmes – Septembre 2026 – Greenerwave,OK,r8770343650604879752,,AUTO
contact@smob.fr|Candidature spontanée – Alternance développement / systèmes – Septembre 2026 – SMOB,SMOB,contact@smob.fr,Candidature spontanée – Alternance développement / systèmes – Septembre 2026 – SMOB,OK,r-4270413182596728643,,MISSING
ttb89.commercial@orange.fr|Candidature spontanée – Alternance Développeur Web – Septembre 2026 – Techno Textiles de Bourgogne,Techno Textiles de Bourgogne,ttb89.commercial@orange.fr,Candidature spontanée – Alternance Développeur Web – Septembre 2026 – Techno Textiles de Bourgogne,OK,r-8810216140060800534,,AUTO
contact@tpilocation.fr|Candidature spontanée – Alternance Développeur Web – Septembre 2026 – Travaux Publics Et Industriels Location,Travaux Publics Et Industriels Location,contact@tpilocation.fr,Candidature spontanée – Alternance Développeur Web – Septembre 2026 – Travaux Publics Et Industriels Location,OK,r-6252821200682594882,,AUTO
adv@bpfrais.com|Candidature spontanée – Alternance Développeur Web – Septembre 2026 – Bourgogne Produits Frais,Bourgogne Produits Frais,adv@bpfrais.com,Candidature spontanée – Alternance Développeur Web – Septembre 2026 – Bourgogne Produits Frais,OK,r2444629578217483296,,AUTO
infos@lhuillier.fr|Candidature spontanée – Alternance Développeur Web – Septembre 2026 – Lhuillier expertise automobile,Lhuillier expertise automobile,infos@lhuillier.fr,Candidature spontanée – Alternance Développeur Web – Septembre 2026 – Lhuillier expertise automobile,OK,r5488328640800477467,,AUTO
airtechpeinture@gmail.com|Candidature spontanée – Alternance Développeur Web – Septembre 2026 – Airtech Peinture,Airtech Peinture,airtechpeinture@gmail.com,Candidature spontanée – Alternance Développeur Web – Septembre 2026 – Airtech Peinture,OK,r8549631574496394834,,AUTO
contact@lotus-is.com|Candidature spontanée – Alternance Développeur Web – Septembre 2026 – Lotus Informatique Service,Lotus Informatique Service,contact@lotus-is.com,Candidature spontanée – Alternance Développeur Web – Septembre 2026 – Lotus Informatique Service,OK,r-2221197099933270174,,AUTO
accueil@lykken.fr|Candidature spontanée – Alternance Développeur Web – Septembre 2026 – Lykken architectures,Lykken architectures,accueil@lykken.fr,Candidature spontanée – Alternance Développeur Web – Septembre 2026 – Lykken architectures,OK,r2947040340680923232,,AUTO
parisoffice@idd-sa.com|Candidature spontanée – Alternance Développeur Web – Septembre 2026 – IDD (International Drug Development),IDD (International Drug Development),parisoffice@idd-sa.com,Candidature spontanée – Alternance Développeur Web – Septembre 2026 – IDD (International Drug Development),OK,r3438804304931359291,,AUTO
contact@ad-elite.fr|Candidature spontanée – Alternance Développeur Web – Septembre 2026 – Ad'elite,Ad'elite,contact@ad-elite.fr,Candidature spontanée – Alternance Développeur Web – Septembre 2026 – Ad'elite,OK,r-7014085678202049375,,AUTO
moortgat@moortgat.com|Candidature spontanée – Alternance Développeur Web – Septembre 2026 – Moortgat,Moortgat,moortgat@moortgat.com,Candidature spontanée – Alternance Développeur Web – Septembre 2026 – Moortgat,OK,r3777374050652303293,,AUTO
cdvia@cdvia.fr|Candidature spontanée – Alternance Développeur Web – Septembre 2026 – CDVIA,CDVIA,cdvia@cdvia.fr,Candidature spontanée – Alternance Développeur Web – Septembre 2026 – CDVIA,OK,r-3959784694631482604,,AUTO
communication@inextenso.fr|Candidature spontanée – Alternance Développeur Web – Septembre 2026 – In Extenso Nogent Sur Marne,In Extenso Nogent Sur Marne,communication@inextenso.fr,Candidature spontanée – Alternance Développeur Web – Septembre 2026 – In Extenso Nogent Sur Marne,OK,r7511096198575797418,,AUTO
communication@inextenso.fr|Candidature spontanée – Alternance Développeur Web – Septembre 2026 – In Extenso Courbevoie,In Extenso Courbevoie,communication@inextenso.fr,Candidature spontanée – Alternance Développeur Web – Septembre 2026 – In Extenso Courbevoie,OK,r7588057681585311397,,AUTO
sam@yonne-conditionnement.com|Candidature spontanée – Alternance Développeur Web – Septembre 2026 – Yonne Conditionnement,Yonne Conditionnement,sam@yonne-conditionnement.com,Candidature spontanée – Alternance Développeur Web – Septembre 2026 – Yonne Conditionnement,OK,r6401941892257810595,,AUTO
contact@clic-ordi.com|Candidature spontanée – Alternance Développeur Web – Septembre 2026 – Clic' Ordi,Clic' Ordi,contact@clic-ordi.com,Candidature spontanée – Alternance Développeur Web – Septembre 2026 – Clic' Ordi,OK,r-3822792027254750275,,AUTO
camillebarbier89@hotmail.fr|Candidature spontanée – Alternance Développeur Web – Septembre 2026 – Blanchisserie Interhospitalière,Blanchisserie Interhospitalière,camillebarbier89@hotmail.fr,Candidature spontanée – Alternance Développeur Web – Septembre 2026 – Blanchisserie Interhospitalière,OK,r-9198410843883434748,,AUTO
secretariat@college-nazareth-voisenon.com|Candidature spontanée – Alternance Développeur Web – Septembre 2026 – Collège Nazareth - La Salle,Collège Nazareth - La Salle,secretariat@college-nazareth-voisenon.com,Candidature spontanée – Alternance Développeur Web – Septembre 2026 – Collège Nazareth - La Salle,OK,r2779260881555338396,,AUTO
ncontact-astekme@astek-international.com|Candidature spontanée – Alternance Développeur Web – Septembre 2026 – Astek Sud-Est,Astek Sud-Est,ncontact-astekme@astek-international.com,Candidature spontanée – Alternance Développeur Web – Septembre 2026 – Astek Sud-Est,OK,r-6607696911030273211,,AUTO
contact@actif-azur.com|Candidature spontanée – Alternance Développeur Web – Septembre 2026 – Actif Azur,Actif Azur,contact@actif-azur.com,Candidature spontanée – Alternance Développeur Web – Septembre 2026 – Actif Azur,OK,r4667323966782209187,,AUTO
contact@ideacasa.fr|Candidature spontanée – Alternance Développeur Web – Septembre 2026 – Idea Casa,Idea Casa,contact@ideacasa.fr,Candidature spontanée – Alternance Développeur Web – Septembre 2026 – Idea Casa,OK,r-7531940810138703610,,AUTO
pbagnpg@nirave-pbzchgre.pbz|Candidature spontanée – Alternance Développeur Web – Septembre 2026 – Avenir,Avenir,pbagnpg@nirave-pbzchgre.pbz,Candidature spontanée – Alternance Développeur Web – Septembre 2026 – Avenir,OK,r7136139743963775453,,AUTO
recrutement-lille@infotel.com|Candidature spontanée – Alternance Développeur Web – Septembre 2026 – Infotel Conseil,Infotel Conseil,recrutement-lille@infotel.com,Candidature spontanée – Alternance Développeur Web – Septembre 2026 – Infotel Conseil,OK,r-4564561744587481861,,AUTO
contact@aliant.fr|Candidature spontanée – Alternance Développeur Web – Septembre 2026 – Aliant,Aliant,contact@aliant.fr,Candidature spontanée – Alternance Développeur Web – Septembre 2026 – Aliant,OK,r-4650642184357170615,,AUTO
contact@icecomputer.fr|Candidature spontanée – Alternance Développeur Web – Septembre 2026 – Ice computer.fr,Ice computer.fr,contact@icecomputer.fr,Candidature spontanée – Alternance Développeur Web – Septembre 2026 – Ice computer.fr,OK,r41959199020911051,,AUTO
contact@lerins-services.fr|Candidature spontanée – Alternance Développeur Web – Septembre 2026 – Générale Des Services Cannes,Générale Des Services Cannes,contact@lerins-services.fr,Candidature spontanée – Alternance Développeur Web – Septembre 2026 – Générale Des Services Cannes,OK,r7169599579697686852,,AUTO
contact@sudelectro.com|Candidature spontanée – Alternance Développeur Web – Septembre 2026 – Sudelectro.com,Sudelectro.com,contact@sudelectro.com,Candidature spontanée – Alternance Développeur Web – Septembre 2026 – Sudelectro.com,OK,r-8049979002531411956,,AUTO
contact@carere.fr|Candidature spontanée – Alternance Développeur Web – Septembre 2026 – Carere,Carere,contact@carere.fr,Candidature spontanée – Alternance Développeur Web – Septembre 2026 – Carere,OK,r4647502942159598325,,AUTO
info@sweering.com|Candidature spontanée – Alternance Développeur Web – Septembre 2026 – Carlo Sweering,Carlo Sweering,info@sweering.com,Candidature spontanée – Alternance Développeur Web – Septembre 2026 – Carlo Sweering,OK,r-2423542540533126620,,AUTO
jean.dupont@gmail.com|Candidature spontanée – Alternance Développeur Web – Septembre 2026 – Les Demoiselles Du Téléphone,Les Demoiselles Du Téléphone,jean.dupont@gmail.com,Candidature spontanée – Alternance Développeur Web – Septembre 2026 – Les Demoiselles Du Téléphone,OK,r-8437338700297113304,,AUTO
info@televalbonne.fr|Candidature spontanée – Alternance Développeur Web – Septembre 2026 – TéléValbonne,TéléValbonne,info@televalbonne.fr,Candidature spontanée – Alternance Développeur Web – Septembre 2026 – TéléValbonne,OK,r8104874006726482401,,AUTO
contact@recode.fr|Candidature spontanée – Alternance Développeur Web – Septembre 2026 – Recode,Recode,contact@recode.fr,Candidature spontanée – Alternance Développeur Web – Septembre 2026 – Recode,OK,r-9040732701188337202,,AUTO
geometre-expert@altavision.fr|Candidature spontanée – Alternance Développeur Web – Septembre 2026 – ALTA VISION Géomètre-Expert,ALTA VISION Géomètre-Expert,geometre-expert@altavision.fr,Candidature spontanée – Alternance Développeur Web – Septembre 2026 – ALTA VISION Géomètre-Expert,OK,r-7164048529479387554,,AUTO
romain.garcia@aquatiris.fr|Candidature spontanée – Alternance Développeur Web – Septembre 2026 – Aquatiris,Aquatiris,romain.garcia@aquatiris.fr,Candidature spontanée – Alternance Développeur Web – Septembre 2026 – Aquatiris,OK,r-1317847631955683451,,AUTO
contact@ampere.cars|Candidature spontanée – Alternance Développeur Web – Septembre 2026 – Ampère (Renault),Ampère (Renault),contact@ampere.cars,Candidature spontanée – Alternance Développeur Web – Septembre 2026 – Ampère (Renault),OK,r6219520123864963760,,AUTO
digital@madare.com|Candidature spontanée – Alternance Développeur Web – Septembre 2026 – Celad,Celad,digital@madare.com,Candidature spontanée – Alternance Développeur Web – Septembre 2026 – Celad,OK,r1649588276326760658,,AUTO
contact@pigment-communication.fr|Candidature spontanée – Alternance Développeur Web – Septembre 2026 – Pigment Communication,Pigment Communication,contact@pigment-communication.fr,Candidature spontanée – Alternance Développeur Web – Septembre 2026 – Pigment Communication,OK,r3660825654247327044,,AUTO
contact@kapsys.com|Candidature spontanée – Alternance Développeur Web – Septembre 2026 – Kapsys,Kapsys,contact@kapsys.com,Candidature spontanée – Alternance Développeur Web – Septembre 2026 – Kapsys,OK,r4865779485086241000,,AUTO
contact@greenerwave.com|Candidature spontanée – Alternance Développeur Web – Septembre 2026 – Greenerwave,Greenerwave,contact@greenerwave.com,Candidature spontanée – Alternance Développeur Web – Septembre 2026 – Greenerwave,OK,r1313516205126690576,,AUTO
hello@maxev.fr|Candidature spontanée – Alternance Développeur Web – Septembre 2026 – MaxeV,MaxeV,hello@maxev.fr,Candidature spontanée – Alternance Développeur Web – Septembre 2026 – MaxeV,OK,r-1096250523998518545,,AUTO
dpo@wordpress.org|Candidature spontanée – Alternance Développeur Web – Septembre 2026 – Texplained,Texplained,dpo@wordpress.org,Candidature spontanée – Alternance Développeur Web – Septembre 2026 – Texplained,OK,r4715673051996833195,,AUTO
hello@agency.com|Candidature spontanée – Alternance Développeur Web – Septembre 2026 – Savoirs Plus,Savoirs Plus,hello@agency.com,Candidature spontanée – Alternance Développeur Web – Septembre 2026 – Savoirs Plus,OK,r-7199746585620665310,,AUTO
orbisur@orbisur.com|Candidature spontanée – Alternance Développeur Web – Septembre 2026 – Orbisur,Orbisur,orbisur@orbisur.com,Candidature spontanée – Alternance Développeur Web – Septembre 2026 – Orbisur,OK,r21266472322662911,,AUTO
dupond@gmail.com|Candidature spontanée – Alternance Développeur Web – Septembre 2026 – SOS Informatique,SOS Informatique,dupond@gmail.com,Candidature spontanée – Alternance Développeur Web – Septembre 2026 – SOS Informatique,OK,r2284995924482357367,,AUTO
info-byd@lelycenter.com|Candidature spontanée – Alternance Développeur Web – Septembre 2026 – Lely,Lely,info-byd@lelycenter.com,Candidature spontanée – Alternance Développeur Web – Septembre 2026 – Lely,OK,r6760486634496159052,,AUTO
contact@amathis.fr|Candidature spontanée – Alternance Développeur Web – Septembre 2026 – Amathis,Amathis,contact@amathis.fr,Candidature spontanée – Alternance Développeur Web – Septembre 2026 – Amathis,OK,r2855010705496579138,,AUTO
blain@alleesdelyonne.fr|Candidature spontanée – Alternance Développeur Web – Septembre 2026 – Allées de l'Yonne,Allées de l'Yonne,blain@alleesdelyonne.fr,Candidature spontanée – Alternance Développeur Web – Septembre 2026 – Allées de l'Yonne,OK,r9046456376000722746,,AUTO
rbk@2rfconseil.fr|Candidature spontanée – Alternance Développeur Web – Septembre 2026 – 2RF Conseil,2RF Conseil,rbk@2rfconseil.fr,Candidature spontanée – Alternance Développeur Web – Septembre 2026 – 2RF Conseil,OK,r4166963691377161291,,AUTO
ferreira-diz.geraldine@orange.fr|Candidature spontanée – Alternance Développeur Web – Septembre 2026 – Fereira Diz Nettoyage,Fereira Diz Nettoyage,ferreira-diz.geraldine@orange.fr,Candidature spontanée – Alternance Développeur Web – Septembre 2026 – Fereira Diz Nettoyage,OK,r-2855642688695774407,,AUTO
contact@promut.fr|Candidature spontanée – Alternance Développeur Web – Septembre 2026 – Promut,Promut,contact@promut.fr,Candidature spontanée – Alternance Développeur Web – Septembre 2026 – Promut,OK,r-1006060775076554771,,AUTO
contact@re-packed.com|Candidature spontanée – Alternance Développeur Web – Septembre 2026 – Re-Packed,Re-Packed,contact@re-packed.com,Candidature spontanée – Alternance Développeur Web – Septembre 2026 – Re-Packed,OK,r-3390646434928119680,,AUTO
voger@kmcl.fr|Candidature spontanée – Alternance Développeur Web – Septembre 2026 – Dactyl Konica Minolta,Dactyl Konica Minolta,voger@kmcl.fr,Candidature spontanée – Alternance Développeur Web – Septembre 2026 – Dactyl Konica Minolta,OK,r-3898359482732600865,,AUTO
cooksbar.off@gmail.com|Candidature spontanée – Alternance Développeur Web – Septembre 2026 – cooks and bar,cooks and bar,cooksbar.off@gmail.com,Candidature spontanée – Alternance Développeur Web – Septembre 2026 – cooks and bar,OK,r6668941351886528468,,AUTO
info@l-forms.fr|Candidature spontanée – Alternance Développeur Web – Septembre 2026 – L Forms,L Forms,info@l-forms.fr,Candidature spontanée – Alternance Développeur Web – Septembre 2026 – L Forms,OK,r-7901066338770479340,,AUTO
projet@onlineformapro.com|Candidature spontanée – Alternance Développeur Web – Septembre 2026 – Online Formapro,Online Formapro,projet@onlineformapro.com,Candidature spontanée – Alternance Développeur Web – Septembre 2026 – Online Formapro,OK,r-3047910290791461319,,AUTO
info@diameo.fr|Candidature spontanée – Alternance Développeur Web – Septembre 2026 – Diaméo,Diaméo,info@diameo.fr,Candidature spontanée – Alternance Développeur Web – Septembre 2026 – Diaméo,OK,r3406600414296244386,,AUTO
office@elvezia.fr|Candidature spontanée – Alternance Développeur Web – Septembre 2026 – Elvezia,Elvezia,office@elvezia.fr,Candidature spontanée – Alternance Développeur Web – Septembre 2026 – Elvezia,OK,r-8920546394558353666,,AUTO
bios@be-bios.com|Candidature spontanée – Alternance Développeur Web – Septembre 2026 – Bios,Bios,bios@be-bios.com,Candidature spontanée – Alternance Développeur Web – Septembre 2026 – Bios,OK,r3825211662836256227,,AUTO
contact.atelier89@reseau-canope.fr|Candidature spontanée – Alternance Développeur Web – Septembre 2026 – Atelier Canopé 89,Atelier Canopé 89,contact.atelier89@reseau-canope.fr,Candidature spontanée – Alternance Développeur Web – Septembre 2026 – Atelier Canopé 89,OK,r1025253742321462236,,AUTO
contact@abaqsys.com|Candidature spontanée – Alternance Développeur Web – Septembre 2026 – Abaqsys,Abaqsys,contact@abaqsys.com,Candidature spontanée – Alternance Développeur Web – Septembre 2026 – Abaqsys,OK,r-3834929594008569939,,AUTO
contact@beescom.fr|Candidature spontanée – Alternance Développeur Web – Septembre 2026 – BeesCom,BeesCom,contact@beescom.fr,Candidature spontanée – Alternance Développeur Web – Septembre 2026 – BeesCom,OK,r8082949525225752889,,AUTO
webmaster@sii.fr|Candidature spontanée – Alternance Développeur Web – Septembre 2026 – S.I.I Société pour l'Informatique Industrielle,S.I.I Société pour l'Informatique Industrielle,webmaster@sii.fr,Candidature spontanée – Alternance Développeur Web – Septembre 2026 – S.I.I Société pour l'Informatique Industrielle,OK,r8493043970293559345,,AUTO
"contact@icaupack.com|Candidature spontanée – Alternance Développeur Web – Septembre 2026 – Icaupack 4,0","Icaupack 4,0",contact@icaupack.com,"Candidature spontanée – Alternance Développeur Web – Septembre 2026 – Icaupack 4,0",OK,r-5471378064654913067,,AUTO
contact.mouvex@psgdover.com|Candidature spontanée – Alternance Développeur Web – Septembre 2026 – Mouvex,Mouvex,contact.mouvex@psgdover.com,Candidature spontanée – Alternance Développeur Web – Septembre 2026 – Mouvex,OK,r-1401897057019031771,,AUTO
contact@layer.fr|Candidature spontanée – Alternance Développeur Web – Septembre 2026 – Layer,Layer,contact@layer.fr,Candidature spontanée – Alternance Développeur Web – Septembre 2026 – Layer,OK,r1280827759845909557,,AUTO
accueil@gebat.fr|Candidature spontanée – Alternance Développeur Web – Septembre 2026 – Gebat Constructions,Gebat Constructions,accueil@gebat.fr,Candidature spontanée – Alternance Développeur Web – Septembre 2026 – Gebat Constructions,OK,r-4931478605800291067,,AUTO
accueil@anthaly.com|Candidature spontanée – Alternance Développeur Web – Septembre 2026 – Anthalys,Anthalys,accueil@anthaly.com,Candidature spontanée – Alternance Développeur Web – Septembre 2026 – Anthalys,OK,r2211874907245910197,,AUTO
fax@upsilon89.com|Candidature spontanée – Alternance Développeur Web – Septembre 2026 – SARL Upsilon,SARL Upsilon,fax@upsilon89.com,Candidature spontanée – Alternance Développeur Web – Septembre 2026 – SARL Upsilon,OK,r-1711239578116355120,,AUTO
dpo@apave.com|Candidature spontanée – Alternance Développeur Web – Septembre 2026 – Apave,Apave,dpo@apave.com,Candidature spontanée – Alternance Développeur Web – Septembre 2026 – Apave,OK,r6711983585679866076,,AUTO
sas.sfoc@gmail.com|Candidature spontanée – Alternance Développeur Web – Septembre 2026 – Sfoc Gravier,Sfoc Gravier,sas.sfoc@gmail.com,Candidature spontanée – Alternance Développeur Web – Septembre 2026 – Sfoc Gravier,OK,r-8480330453266025983,,AUTO
secretariatnice@ecole-esccom.com|Candidature spontanée – Alternance Développeur Web – Septembre 2026 – Esccom Formation Professionnelle - Cannes,Esccom Formation Professionnelle - Cannes,secretariatnice@ecole-esccom.com,Candidature spontanée – Alternance Développeur Web – Septembre 2026 – Esccom Formation Professionnelle - Cannes,OK,r1362422869873801177,,AUTO
contactmenton@flcformation.fr|Candidature spontanée – Alternance Développeur Web – Septembre 2026 – FLC Formation - Antibes Juan-les-Pins,FLC Formation - Antibes Juan-les-Pins,contactmenton@flcformation.fr,Candidature spontanée – Alternance Développeur Web – Septembre 2026 – FLC Formation - Antibes Juan-les-Pins,OK,r8432278050628778037,,AUTO
contactmenton@flcformation.fr|Candidature spontanée – Alternance Développeur Web – Septembre 2026 – FLC Formation - Villeneuve - Loubet,FLC Formation - Villeneuve - Loubet,contactmenton@flcformation.fr,Candidature spontanée – Alternance Développeur Web – Septembre 2026 – FLC Formation - Villeneuve - Loubet,OK,r-4146809574237397082,,AUTO
contact-forqa@goformations.fr|Candidature spontanée – Alternance Développeur Web – Septembre 2026 – Forqa Formation,Forqa Formation,contact-forqa@goformations.fr,Candidature spontanée – Alternance Développeur Web – Septembre 2026 – Forqa Formation,OK,r6526335598334458275,,AUTO
contact@attila.fr|Candidature spontanée – Alternance Développeur Web – Septembre 2026 – Attila,Attila,contact@attila.fr,Candidature spontanée – Alternance Développeur Web – Septembre 2026 – Attila,OK,r3585610960024614912,,AUTO
jlbtp89@gmail.com|Candidature spontanée – Alternance Développeur Web – Septembre 2026 – JLB BTP,JLB BTP,jlbtp89@gmail.com,Candidature spontanée – Alternance Développeur Web – Septembre 2026 – JLB BTP,OK,r-5227074712569580982,,AUTO
contact@visicod.com|Candidature spontanée – Alternance Développeur Web – Septembre 2026 – Chevillard et Fils,Chevillard et Fils,contact@visicod.com,Candidature spontanée – Alternance Développeur Web – Septembre 2026 – Chevillard et Fils,OK,r-27921213016051040,,AUTO
contact@komilfo.fr|Candidature spontanée – Alternance Développeur Web – Septembre 2026 – Komilfo,Komilfo,contact@komilfo.fr,Candidature spontanée – Alternance Développeur Web – Septembre 2026 – Komilfo,OK,r3984376019764871326,,AUTO
gdpr-contact@eliorgroup.com|Candidature spontanée – Alternance Développeur Web – Septembre 2026 – Elior Restauration,Elior Restauration,gdpr-contact@eliorgroup.com,Candidature spontanée – Alternance Développeur Web – Septembre 2026 – Elior Restauration,OK,r5998531359983987821,,AUTO
info@sab-cables.com|Candidature spontanée – Alternance Développeur Web – Septembre 2026 – Cablerie Sab,Cablerie Sab,info@sab-cables.com,Candidature spontanée – Alternance Développeur Web – Septembre 2026 – Cablerie Sab,OK,r1927697422587340126,,AUTO
info@efco-formation.com|Candidature spontanée – Alternance Développeur Web – Septembre 2026 – Efco Formation,Efco Formation,info@efco-formation.com,Candidature spontanée – Alternance Développeur Web – Septembre 2026 – Efco Formation,OK,r-7576350534127759688,,AUTO
infovin@lamblin.com|Candidature spontanée – Alternance Développeur Web – Septembre 2026 – Lamblin & Fils,Lamblin & Fils,infovin@lamblin.com,Candidature spontanée – Alternance Développeur Web – Septembre 2026 – Lamblin & Fils,OK,r-4075889242732795596,,AUTO
